"","Survived","Pclass","Sex","Age","SibSp","Parch","Fare","Embarked","Fare_log"
"1","0","3","male",22,"1","0",7.25,"S",-1.98100146886658
"2","1","1","female",38,"1","0",71.2833,"C",-4.26666207838721
"3","1","3","female",26,"0","0",7.925,"S",-2.07002231976334
"4","1","1","female",35,"1","0",53.1,"S",-3.97217692824789
"5","0","3","male",35,"0","0",8.05,"S",-2.08567209143047
"6","0","3","male",29.881137667304,"0","0",8.4583,"Q",-2.13514820779938
"7","0","1","male",54,"0","0",51.8625,"S",-3.94859598565899
"8","0","3","male",2,"3","1",21.075,"S",-3.04808750388792
"9","1","3","female",27,"0","2",11.1333,"S",-2.40994061729809
"10","1","2","female",14,"1","0",30.0708,"C",-3.40355460123583
"11","1","3","female",4,"1","1",16.7,"S",-2.81540871942271
"12","1","1","female",58,"0","0",26.55,"S",-3.27902974768795
"13","0","3","male",20,"0","0",8.05,"S",-2.08567209143047
"14","0","3","male",39,"1","5",31.275,"S",-3.44281905635297
"15","0","3","female",14,"0","0",7.8542,"S",-2.06104842056294
"16","1","2","female",55,"0","0",16,"S",-2.77258872223978
"17","0","3","male",2,"4","1",29.125,"Q",-3.37159691188586
"18","1","2","male",29.881137667304,"0","0",13,"S",-2.56494935746154
"19","0","3","female",31,"1","0",18,"S",-2.89037175789616
"20","1","3","female",29.881137667304,"0","0",7.225,"C",-1.9775472339985
"21","0","2","male",35,"0","0",26,"S",-3.25809653802148
"22","1","2","male",34,"0","0",13,"S",-2.56494935746154
"23","1","3","female",15,"0","0",8.0292,"Q",-2.08308489659463
"24","1","1","male",28,"0","0",35.5,"S",-3.56953269648137
"25","0","3","female",8,"3","1",21.075,"S",-3.04808750388792
"26","1","3","female",38,"1","5",31.3875,"S",-3.4464097244837
"27","0","3","male",29.881137667304,"0","0",7.225,"C",-1.9775472339985
"28","0","1","male",19,"3","2",263,"S",-5.57215403217776
"29","1","3","female",29.881137667304,"0","0",7.8792,"Q",-2.06422637587336
"30","0","3","male",29.881137667304,"0","0",7.8958,"S",-2.06633097252974
"31","0","1","male",40,"0","0",27.7208,"C",-3.32218303393412
"32","1","1","female",29.881137667304,"1","0",146.5208,"C",-4.98716739790117
"33","1","3","female",29.881137667304,"0","0",7.75,"Q",-2.04769284336526
"34","0","2","male",66,"0","0",10.5,"S",-2.35137525716348
"35","0","1","male",28,"1","0",82.1708,"C",-4.40880000780905
"36","0","1","male",42,"1","0",52,"S",-3.95124371858143
"37","1","3","male",29.881137667304,"0","0",7.2292,"C",-1.97812837997935
"38","0","3","male",21,"0","0",8.05,"S",-2.08567209143047
"39","0","3","female",18,"2","0",18,"S",-2.89037175789616
"40","1","3","female",14,"1","0",11.2417,"C",-2.41963007858069
"41","0","3","female",40,"1","0",9.475,"S",-2.24865675096849
"42","0","2","female",27,"1","0",21,"S",-3.04452243772342
"43","0","3","male",29.881137667304,"0","0",7.8958,"C",-2.06633097252974
"44","1","2","female",3,"1","2",41.5792,"C",-3.72760004222554
"45","1","3","female",19,"0","0",7.8792,"Q",-2.06422637587336
"46","0","3","male",29.881137667304,"0","0",8.05,"S",-2.08567209143047
"47","0","3","male",29.881137667304,"1","0",15.5,"Q",-2.7408400239252
"48","1","3","female",29.881137667304,"0","0",7.75,"Q",-2.04769284336526
"49","0","3","male",29.881137667304,"2","0",21.6792,"C",-3.07635327552161
"50","0","3","female",18,"1","0",17.8,"S",-2.87919845729804
"51","0","3","male",7,"4","1",39.6875,"S",-3.68103627665291
"52","0","3","male",21,"0","0",7.8,"S",-2.05412373369555
"53","1","1","female",49,"1","0",76.7292,"C",-4.34028233996554
"54","1","2","female",29,"1","0",26,"S",-3.25809653802148
"55","0","1","male",65,"0","1",61.9792,"C",-4.12679884488682
"56","1","1","male",29.881137667304,"0","0",35.5,"S",-3.56953269648137
"57","1","2","female",21,"0","0",10.5,"S",-2.35137525716348
"58","0","3","male",28.5,"0","0",7.2292,"C",-1.97812837997935
"59","1","2","female",5,"1","2",27.75,"S",-3.32323584019244
"60","0","3","male",11,"5","2",46.9,"S",-3.84801767545223
"61","0","3","male",22,"0","0",7.2292,"C",-1.97812837997935
"62","1","1","female",38,"0","0",80,"Desconegut",-4.38202663467388
"63","0","1","male",45,"1","0",83.475,"S",-4.42454718582972
"64","0","3","male",4,"3","2",27.9,"S",-3.32862668882732
"65","0","1","male",29.881137667304,"0","0",27.7208,"C",-3.32218303393412
"66","1","3","male",29.881137667304,"1","1",15.2458,"C",-2.7243040552851
"67","1","2","female",29,"0","0",10.5,"S",-2.35137525716348
"68","0","3","male",19,"0","0",8.1583,"S",-2.09903581393828
"69","1","3","female",17,"4","2",7.925,"S",-2.07002231976334
"70","0","3","male",26,"2","0",8.6625,"S",-2.15900336451602
"71","0","2","male",32,"0","0",10.5,"S",-2.35137525716348
"72","0","3","female",16,"5","2",46.9,"S",-3.84801767545223
"73","0","2","male",21,"0","0",73.5,"S",-4.29728540621879
"74","0","3","male",26,"1","0",14.4542,"C",-2.6709850297652
"75","1","3","male",32,"0","0",56.4958,"S",-4.03416629910613
"76","0","3","male",25,"0","0",7.65,"S",-2.03470564783844
"77","0","3","male",29.881137667304,"0","0",7.8958,"S",-2.06633097252974
"78","0","3","male",29.881137667304,"0","0",8.05,"S",-2.08567209143047
"79","1","2","male",0.83,"0","2",29,"S",-3.36729582998647
"80","1","3","female",30,"0","0",12.475,"S",-2.52372664163758
"81","0","3","male",22,"0","0",9,"S",-2.19722457733622
"82","1","3","male",29,"0","0",9.5,"S",-2.2512917986065
"83","1","3","female",29.881137667304,"0","0",7.7875,"Q",-2.05251988411357
"84","0","1","male",28,"0","0",47.1,"S",-3.85227300102237
"85","1","2","female",17,"0","0",10.5,"S",-2.35137525716348
"86","1","3","female",33,"3","0",15.85,"S",-2.76316950032329
"87","0","3","male",16,"1","3",34.375,"S",-3.53732955598674
"88","0","3","male",29.881137667304,"0","0",8.05,"S",-2.08567209143047
"89","1","1","female",23,"3","2",263,"S",-5.57215403217776
"90","0","3","male",24,"0","0",8.05,"S",-2.08567209143047
"91","0","3","male",29,"0","0",8.05,"S",-2.08567209143047
"92","0","3","male",20,"0","0",7.8542,"S",-2.06104842056294
"93","0","1","male",46,"1","0",61.175,"S",-4.11373860932874
"94","0","3","male",26,"1","2",20.575,"S",-3.02407674656313
"95","0","3","male",59,"0","0",7.25,"S",-1.98100146886658
"96","0","3","male",29.881137667304,"0","0",8.05,"S",-2.08567209143047
"97","0","1","male",71,"0","0",34.6542,"C",-3.54541893041153
"98","1","1","male",23,"0","1",63.3583,"C",-4.14880591633814
"99","1","2","female",34,"0","1",23,"S",-3.13549421592915
"100","0","2","male",34,"1","0",26,"S",-3.25809653802148
"101","0","3","female",28,"0","0",7.8958,"S",-2.06633097252974
"102","0","3","male",29.881137667304,"0","0",7.8958,"S",-2.06633097252974
"103","0","1","male",21,"0","1",77.2875,"S",-4.34753223488469
"104","0","3","male",33,"0","0",8.6542,"S",-2.1580447522359
"105","0","3","male",37,"2","0",7.925,"S",-2.07002231976334
"106","0","3","male",28,"0","0",7.8958,"S",-2.06633097252974
"107","1","3","female",21,"0","0",7.65,"S",-2.03470564783844
"108","1","3","male",29.881137667304,"0","0",7.775,"S",-2.0509134580653
"109","0","3","male",38,"0","0",7.8958,"S",-2.06633097252974
"110","1","3","female",29.881137667304,"1","0",24.15,"Q",-3.18428438009858
"111","0","1","male",47,"0","0",52,"S",-3.95124371858143
"112","0","3","female",14.5,"1","0",14.4542,"C",-2.6709850297652
"113","0","3","male",22,"0","0",8.05,"S",-2.08567209143047
"114","0","3","female",20,"1","0",9.825,"S",-2.28493015775532
"115","0","3","female",17,"0","0",14.4583,"C",-2.67126864412075
"116","0","3","male",21,"0","0",7.925,"S",-2.07002231976334
"117","0","3","male",70.5,"0","0",7.75,"Q",-2.04769284336526
"118","0","2","male",29,"1","0",21,"S",-3.04452243772342
"119","0","1","male",24,"0","1",247.5208,"C",-5.51149461888159
"120","0","3","female",2,"4","2",31.275,"S",-3.44281905635297
"121","0","2","male",21,"2","0",73.5,"S",-4.29728540621879
"122","0","3","male",29.881137667304,"0","0",8.05,"S",-2.08567209143047
"123","0","2","male",32.5,"1","0",30.0708,"C",-3.40355460123583
"124","1","2","female",32.5,"0","0",13,"S",-2.56494935746154
"125","0","1","male",54,"0","1",77.2875,"S",-4.34753223488469
"126","1","3","male",12,"1","0",11.2417,"C",-2.41963007858069
"127","0","3","male",29.881137667304,"0","0",7.75,"Q",-2.04769284336526
"128","1","3","male",24,"0","0",7.1417,"S",-1.96595084324942
"129","1","3","female",29.881137667304,"1","1",22.3583,"C",-3.10719761677404
"130","0","3","male",45,"0","0",6.975,"S",-1.94233232770743
"131","0","3","male",33,"0","0",7.8958,"C",-2.06633097252974
"132","0","3","male",20,"0","0",7.05,"S",-1.95302761682418
"133","0","3","female",47,"1","0",14.5,"S",-2.67414864942653
"134","1","2","female",29,"1","0",26,"S",-3.25809653802148
"135","0","2","male",25,"0","0",13,"S",-2.56494935746154
"136","0","2","male",23,"0","0",15.0458,"C",-2.71109888248023
"137","1","1","female",19,"0","2",26.2833,"S",-3.26893375650932
"138","0","1","male",37,"1","0",53.1,"S",-3.97217692824789
"139","0","3","male",16,"0","0",9.2167,"S",-2.22101705593022
"140","0","1","male",24,"0","0",79.2,"C",-4.37197629882038
"141","0","3","female",29.881137667304,"0","2",15.2458,"C",-2.7243040552851
"142","1","3","female",22,"0","0",7.75,"S",-2.04769284336526
"143","1","3","female",24,"1","0",15.85,"S",-2.76316950032329
"144","0","3","male",19,"0","0",6.75,"Q",-1.90954250488444
"145","0","2","male",18,"0","0",11.5,"S",-2.4423470353692
"146","0","2","male",19,"1","1",36.75,"S",-3.60413822565885
"147","1","3","male",27,"0","0",7.7958,"S",-2.05358512713461
"148","0","3","female",9,"2","2",34.375,"S",-3.53732955598674
"149","0","2","male",36.5,"0","2",26,"S",-3.25809653802148
"150","0","2","male",42,"0","0",13,"S",-2.56494935746154
"151","0","2","male",51,"0","0",12.525,"S",-2.52772664697093
"152","1","1","female",22,"1","0",66.6,"S",-4.19870457754634
"153","0","3","male",55.5,"0","0",8.05,"S",-2.08567209143047
"154","0","3","male",40.5,"0","2",14.5,"S",-2.67414864942653
"155","0","3","male",29.881137667304,"0","0",7.3125,"S",-1.98958521255797
"156","0","1","male",51,"0","1",61.3792,"C",-4.11707101554523
"157","1","3","female",16,"0","0",7.7333,"Q",-2.04553567965004
"158","0","3","male",30,"0","0",8.05,"S",-2.08567209143047
"159","0","3","male",29.881137667304,"0","0",8.6625,"S",-2.15900336451602
"160","0","3","male",29.881137667304,"8","2",69.55,"S",-4.24204591836945
"161","0","3","male",44,"0","1",16.1,"S",-2.77881927199042
"162","1","2","female",40,"0","0",15.75,"S",-2.75684036527164
"163","0","3","male",26,"0","0",7.775,"S",-2.0509134580653
"164","0","3","male",17,"0","0",8.6625,"S",-2.15900336451602
"165","0","3","male",1,"4","1",39.6875,"S",-3.68103627665291
"166","1","3","male",9,"0","2",20.525,"S",-3.02164365533849
"167","1","1","female",29.881137667304,"0","1",55,"S",-4.00733318523247
"168","0","3","female",45,"1","4",27.9,"S",-3.32862668882732
"169","0","1","male",29.881137667304,"0","0",25.925,"S",-3.25520775411559
"170","0","3","male",28,"0","0",56.4958,"S",-4.03416629910613
"171","0","1","male",61,"0","0",33.5,"S",-3.51154543883102
"172","0","3","male",4,"4","1",29.125,"Q",-3.37159691188586
"173","1","3","female",1,"1","1",11.1333,"S",-2.40994061729809
"174","0","3","male",21,"0","0",7.925,"S",-2.07002231976334
"175","0","1","male",56,"0","0",30.6958,"C",-3.42412583741652
"176","0","3","male",18,"1","1",7.8542,"S",-2.06104842056294
"177","0","3","male",29.881137667304,"3","1",25.4667,"S",-3.23737171640403
"178","0","1","female",50,"0","0",28.7125,"C",-3.35733256801522
"179","0","2","male",30,"0","0",13,"S",-2.56494935746154
"180","0","3","male",36,"0","0",0,"S",Inf
"181","0","3","female",29.881137667304,"8","2",69.55,"S",-4.24204591836945
"182","0","2","male",29.881137667304,"0","0",15.05,"C",-2.71137799119488
"183","0","3","male",9,"4","2",31.3875,"S",-3.4464097244837
"184","1","2","male",1,"2","1",39,"S",-3.66356164612965
"185","1","3","female",4,"0","2",22.025,"S",-3.09217817182224
"186","0","1","male",29.881137667304,"0","0",50,"S",-3.91202300542815
"187","1","3","female",29.881137667304,"1","0",15.5,"Q",-2.7408400239252
"188","1","1","male",45,"0","0",26.55,"S",-3.27902974768795
"189","0","3","male",40,"1","1",15.5,"Q",-2.7408400239252
"190","0","3","male",36,"0","0",7.8958,"S",-2.06633097252974
"191","1","2","female",32,"0","0",13,"S",-2.56494935746154
"192","0","2","male",19,"0","0",13,"S",-2.56494935746154
"193","1","3","female",19,"1","0",7.8542,"S",-2.06104842056294
"194","1","2","male",3,"1","1",26,"S",-3.25809653802148
"195","1","1","female",44,"0","0",27.7208,"C",-3.32218303393412
"196","1","1","female",58,"0","0",146.5208,"C",-4.98716739790117
"197","0","3","male",29.881137667304,"0","0",7.75,"Q",-2.04769284336526
"198","0","3","male",42,"0","1",8.4042,"S",-2.12873158089092
"199","1","3","female",29.881137667304,"0","0",7.75,"Q",-2.04769284336526
"200","0","2","female",24,"0","0",13,"S",-2.56494935746154
"201","0","3","male",28,"0","0",9.5,"S",-2.2512917986065
"202","0","3","male",29.881137667304,"8","2",69.55,"S",-4.24204591836945
"203","0","3","male",34,"0","0",6.4958,"S",-1.87115581420807
"204","0","3","male",45.5,"0","0",7.225,"C",-1.9775472339985
"205","1","3","male",18,"0","0",8.05,"S",-2.08567209143047
"206","0","3","female",2,"0","1",10.4625,"S",-2.34779743581559
"207","0","3","male",32,"1","0",15.85,"S",-2.76316950032329
"208","1","3","male",26,"0","0",18.7875,"C",-2.93319175507909
"209","1","3","female",16,"0","0",7.75,"Q",-2.04769284336526
"210","1","1","male",40,"0","0",31,"C",-3.43398720448515
"211","0","3","male",24,"0","0",7.05,"S",-1.95302761682418
"212","1","2","female",35,"0","0",21,"S",-3.04452243772342
"213","0","3","male",22,"0","0",7.25,"S",-1.98100146886658
"214","0","2","male",30,"0","0",13,"S",-2.56494935746154
"215","0","3","male",29.881137667304,"1","0",7.75,"Q",-2.04769284336526
"216","1","1","female",31,"1","0",113.275,"C",-4.7298184905532
"217","1","3","female",27,"0","0",7.925,"S",-2.07002231976334
"218","0","2","male",42,"1","0",27,"S",-3.29583686600433
"219","1","1","female",32,"0","0",76.2917,"C",-4.33456415124619
"220","0","2","male",30,"0","0",10.5,"S",-2.35137525716348
"221","1","3","male",16,"0","0",8.05,"S",-2.08567209143047
"222","0","2","male",27,"0","0",13,"S",-2.56494935746154
"223","0","3","male",51,"0","0",8.05,"S",-2.08567209143047
"224","0","3","male",29.881137667304,"0","0",7.8958,"S",-2.06633097252974
"225","1","1","male",38,"1","0",90,"S",-4.49980967033027
"226","0","3","male",22,"0","0",9.35,"S",-2.2353763433006
"227","1","2","male",19,"0","0",10.5,"S",-2.35137525716348
"228","0","3","male",20.5,"0","0",7.25,"S",-1.98100146886658
"229","0","2","male",18,"0","0",13,"S",-2.56494935746154
"230","0","3","female",29.881137667304,"3","1",25.4667,"S",-3.23737171640403
"231","1","1","female",35,"1","0",83.475,"S",-4.42454718582972
"232","0","3","male",29,"0","0",7.775,"S",-2.0509134580653
"233","0","2","male",59,"0","0",13.5,"S",-2.60268968544438
"234","1","3","female",5,"4","2",31.3875,"S",-3.4464097244837
"235","0","2","male",24,"0","0",10.5,"S",-2.35137525716348
"236","0","3","female",29.881137667304,"0","0",7.55,"S",-2.02154756326093
"237","0","2","male",44,"1","0",26,"S",-3.25809653802148
"238","1","2","female",8,"0","2",26.25,"S",-3.26766598903763
"239","0","2","male",19,"0","0",10.5,"S",-2.35137525716348
"240","0","2","male",33,"0","0",12.275,"S",-2.50756467368058
"241","0","3","female",29.881137667304,"1","0",14.4542,"C",-2.6709850297652
"242","1","3","female",29.881137667304,"1","0",15.5,"Q",-2.7408400239252
"243","0","2","male",29,"0","0",10.5,"S",-2.35137525716348
"244","0","3","male",22,"0","0",7.125,"S",-1.96360972615471
"245","0","3","male",30,"0","0",7.225,"C",-1.9775472339985
"246","0","1","male",44,"2","0",90,"Q",-4.49980967033027
"247","0","3","female",25,"0","0",7.775,"S",-2.0509134580653
"248","1","2","female",24,"0","2",14.5,"S",-2.67414864942653
"249","1","1","male",37,"1","1",52.5542,"S",-3.96184501801123
"250","0","2","male",54,"1","0",26,"S",-3.25809653802148
"251","0","3","male",29.881137667304,"0","0",7.25,"S",-1.98100146886658
"252","0","3","female",29,"1","1",10.4625,"S",-2.34779743581559
"253","0","1","male",62,"0","0",26.55,"S",-3.27902974768795
"254","0","3","male",30,"1","0",16.1,"S",-2.77881927199042
"255","0","3","female",41,"0","2",20.2125,"S",-3.00630122490323
"256","1","3","female",29,"0","2",15.2458,"C",-2.7243040552851
"257","1","1","female",29.881137667304,"0","0",79.2,"C",-4.37197629882038
"258","1","1","female",30,"0","0",86.5,"S",-4.46014441393783
"259","1","1","female",35,"0","0",512.3292,"C",-6.23896738717366
"260","1","2","female",50,"0","1",26,"S",-3.25809653802148
"261","0","3","male",29.881137667304,"0","0",7.75,"Q",-2.04769284336526
"262","1","3","male",3,"4","2",31.3875,"S",-3.4464097244837
"263","0","1","male",52,"1","1",79.65,"S",-4.37764203635606
"264","0","1","male",40,"0","0",0,"S",Inf
"265","0","3","female",29.881137667304,"0","0",7.75,"Q",-2.04769284336526
"266","0","2","male",36,"0","0",10.5,"S",-2.35137525716348
"267","0","3","male",16,"4","1",39.6875,"S",-3.68103627665291
"268","1","3","male",25,"1","0",7.775,"S",-2.0509134580653
"269","1","1","female",58,"0","1",153.4625,"S",-5.03345623750696
"270","1","1","female",35,"0","0",135.6333,"S",-4.90995492057888
"271","0","1","male",29.881137667304,"0","0",31,"S",-3.43398720448515
"272","1","3","male",25,"0","0",0,"S",Inf
"273","1","2","female",41,"0","1",19.5,"S",-2.9704144655697
"274","0","1","male",37,"0","1",29.7,"C",-3.39114704580865
"275","1","3","female",29.881137667304,"0","0",7.75,"Q",-2.04769284336526
"276","1","1","female",63,"1","0",77.9583,"S",-4.35617406834722
"277","0","3","female",45,"0","0",7.75,"S",-2.04769284336526
"278","0","2","male",29.881137667304,"0","0",0,"S",Inf
"279","0","3","male",7,"4","1",29.125,"Q",-3.37159691188586
"280","1","3","female",35,"1","1",20.25,"S",-3.00815479355255
"281","0","3","male",65,"0","0",7.75,"Q",-2.04769284336526
"282","0","3","male",28,"0","0",7.8542,"S",-2.06104842056294
"283","0","3","male",16,"0","0",9.5,"S",-2.2512917986065
"284","1","3","male",19,"0","0",8.05,"S",-2.08567209143047
"285","0","1","male",29.881137667304,"0","0",26,"S",-3.25809653802148
"286","0","3","male",33,"0","0",8.6625,"C",-2.15900336451602
"287","1","3","male",30,"0","0",9.5,"S",-2.2512917986065
"288","0","3","male",22,"0","0",7.8958,"S",-2.06633097252974
"289","1","2","male",42,"0","0",13,"S",-2.56494935746154
"290","1","3","female",22,"0","0",7.75,"Q",-2.04769284336526
"291","1","1","female",26,"0","0",78.85,"S",-4.36754731340905
"292","1","1","female",19,"1","0",91.0792,"C",-4.51172945766992
"293","0","2","male",36,"0","0",12.875,"C",-2.5552874465498
"294","0","3","female",24,"0","0",8.85,"S",-2.18041745901984
"295","0","3","male",24,"0","0",7.8958,"S",-2.06633097252974
"296","0","1","male",29.881137667304,"0","0",27.7208,"C",-3.32218303393412
"297","0","3","male",23.5,"0","0",7.2292,"C",-1.97812837997935
"298","0","1","female",2,"1","2",151.55,"S",-5.02091560350381
"299","1","1","male",29.881137667304,"0","0",30.5,"S",-3.41772668361337
"300","1","1","female",50,"0","1",247.5208,"C",-5.51149461888159
"301","1","3","female",29.881137667304,"0","0",7.75,"Q",-2.04769284336526
"302","1","3","male",29.881137667304,"2","0",23.25,"Q",-3.14630513203337
"303","0","3","male",19,"0","0",0,"S",Inf
"304","1","2","female",29.881137667304,"0","0",12.35,"Q",-2.51365606307399
"305","0","3","male",29.881137667304,"0","0",8.05,"S",-2.08567209143047
"306","1","1","male",0.92,"1","2",151.55,"S",-5.02091560350381
"307","1","1","female",29.881137667304,"0","0",110.8833,"C",-4.70847829690348
"308","1","1","female",17,"1","0",108.9,"C",-4.69043002993891
"309","0","2","male",30,"1","0",24,"C",-3.17805383034795
"310","1","1","female",30,"0","0",56.9292,"C",-4.04180839051927
"311","1","1","female",24,"0","0",83.1583,"C",-4.42074602026042
"312","1","1","female",18,"2","2",262.375,"C",-5.5697747781408
"313","0","2","female",26,"1","1",26,"S",-3.25809653802148
"314","0","3","male",28,"0","0",7.8958,"S",-2.06633097252974
"315","0","2","male",43,"1","1",26.25,"S",-3.26766598903763
"316","1","3","female",26,"0","0",7.8542,"S",-2.06104842056294
"317","1","2","female",24,"1","0",26,"S",-3.25809653802148
"318","0","2","male",54,"0","0",14,"S",-2.63905732961526
"319","1","1","female",31,"0","2",164.8667,"S",-5.10513726860277
"320","1","1","female",40,"1","1",134.5,"C",-4.90156419904189
"321","0","3","male",22,"0","0",7.25,"S",-1.98100146886658
"322","0","3","male",27,"0","0",7.8958,"S",-2.06633097252974
"323","1","2","female",30,"0","0",12.35,"Q",-2.51365606307399
"324","1","2","female",22,"1","1",29,"S",-3.36729582998647
"325","0","3","male",29.881137667304,"8","2",69.55,"S",-4.24204591836945
"326","1","1","female",36,"0","0",135.6333,"C",-4.90995492057888
"327","0","3","male",61,"0","0",6.2375,"S",-1.83057946107764
"328","1","2","female",36,"0","0",13,"S",-2.56494935746154
"329","1","3","female",31,"1","1",20.525,"S",-3.02164365533849
"330","1","1","female",16,"0","1",57.9792,"C",-4.06008432553699
"331","1","3","female",29.881137667304,"2","0",23.25,"Q",-3.14630513203337
"332","0","1","male",45.5,"0","0",28.5,"S",-3.3499040872746
"333","0","1","male",38,"0","1",153.4625,"S",-5.03345623750696
"334","0","3","male",16,"2","0",18,"S",-2.89037175789616
"335","1","1","female",29.881137667304,"1","0",133.65,"S",-4.89522444258493
"336","0","3","male",29.881137667304,"0","0",7.8958,"S",-2.06633097252974
"337","0","1","male",29,"1","0",66.6,"S",-4.19870457754634
"338","1","1","female",41,"0","0",134.5,"C",-4.90156419904189
"339","1","3","male",45,"0","0",8.05,"S",-2.08567209143047
"340","0","1","male",45,"0","0",35.5,"S",-3.56953269648137
"341","1","2","male",2,"1","1",26,"S",-3.25809653802148
"342","1","1","female",24,"3","2",263,"S",-5.57215403217776
"343","0","2","male",28,"0","0",13,"S",-2.56494935746154
"344","0","2","male",25,"0","0",13,"S",-2.56494935746154
"345","0","2","male",36,"0","0",13,"S",-2.56494935746154
"346","1","2","female",24,"0","0",13,"S",-2.56494935746154
"347","1","2","female",40,"0","0",13,"S",-2.56494935746154
"348","1","3","female",29.881137667304,"1","0",16.1,"S",-2.77881927199042
"349","1","3","male",3,"1","1",15.9,"S",-2.76631910922619
"350","0","3","male",42,"0","0",8.6625,"S",-2.15900336451602
"351","0","3","male",23,"0","0",9.225,"S",-2.22191718992659
"352","0","1","male",29.881137667304,"0","0",35,"S",-3.55534806148941
"353","0","3","male",15,"1","1",7.2292,"C",-1.97812837997935
"354","0","3","male",25,"1","0",17.8,"S",-2.87919845729804
"355","0","3","male",29.881137667304,"0","0",7.225,"C",-1.9775472339985
"356","0","3","male",28,"0","0",9.5,"S",-2.2512917986065
"357","1","1","female",22,"0","1",55,"S",-4.00733318523247
"358","0","2","female",38,"0","0",13,"S",-2.56494935746154
"359","1","3","female",29.881137667304,"0","0",7.8792,"Q",-2.06422637587336
"360","1","3","female",29.881137667304,"0","0",7.8792,"Q",-2.06422637587336
"361","0","3","male",40,"1","4",27.9,"S",-3.32862668882732
"362","0","2","male",29,"1","0",27.7208,"C",-3.32218303393412
"363","0","3","female",45,"0","1",14.4542,"C",-2.6709850297652
"364","0","3","male",35,"0","0",7.05,"S",-1.95302761682418
"365","0","3","male",29.881137667304,"1","0",15.5,"Q",-2.7408400239252
"366","0","3","male",30,"0","0",7.25,"S",-1.98100146886658
"367","1","1","female",60,"1","0",75.25,"C",-4.32081590362899
"368","1","3","female",29.881137667304,"0","0",7.2292,"C",-1.97812837997935
"369","1","3","female",29.881137667304,"0","0",7.75,"Q",-2.04769284336526
"370","1","1","female",24,"0","0",69.3,"C",-4.23844490619586
"371","1","1","male",25,"1","0",55.4417,"C",-4.01533201819219
"372","0","3","male",18,"1","0",6.4958,"S",-1.87115581420807
"373","0","3","male",19,"0","0",8.05,"S",-2.08567209143047
"374","0","1","male",22,"0","0",135.6333,"C",-4.90995492057888
"375","0","3","female",3,"3","1",21.075,"S",-3.04808750388792
"376","1","1","female",29.881137667304,"1","0",82.1708,"C",-4.40880000780905
"377","1","3","female",22,"0","0",7.25,"S",-1.98100146886658
"378","0","1","male",27,"0","2",211.5,"C",-5.35422499848633
"379","0","3","male",20,"0","0",4.0125,"C",-1.38941448845613
"380","0","3","male",19,"0","0",7.775,"S",-2.0509134580653
"381","1","1","female",42,"0","0",227.525,"C",-5.42726012246342
"382","1","3","female",1,"0","2",15.7417,"C",-2.75631324223972
"383","0","3","male",32,"0","0",7.925,"S",-2.07002231976334
"384","1","1","female",35,"1","0",52,"S",-3.95124371858143
"385","0","3","male",29.881137667304,"0","0",7.8958,"S",-2.06633097252974
"386","0","2","male",18,"0","0",73.5,"S",-4.29728540621879
"387","0","3","male",1,"5","2",46.9,"S",-3.84801767545223
"388","1","2","female",36,"0","0",13,"S",-2.56494935746154
"389","0","3","male",29.881137667304,"0","0",7.7292,"Q",-2.04500536435871
"390","1","2","female",17,"0","0",12,"C",-2.484906649788
"391","1","1","male",36,"1","2",120,"S",-4.78749174278205
"392","1","3","male",21,"0","0",7.7958,"S",-2.05358512713461
"393","0","3","male",28,"2","0",7.925,"S",-2.07002231976334
"394","1","1","female",23,"1","0",113.275,"C",-4.7298184905532
"395","1","3","female",24,"0","2",16.7,"S",-2.81540871942271
"396","0","3","male",22,"0","0",7.7958,"S",-2.05358512713461
"397","0","3","female",31,"0","0",7.8542,"S",-2.06104842056294
"398","0","2","male",46,"0","0",26,"S",-3.25809653802148
"399","0","2","male",23,"0","0",10.5,"S",-2.35137525716348
"400","1","2","female",28,"0","0",12.65,"S",-2.53765721517353
"401","1","3","male",39,"0","0",7.925,"S",-2.07002231976334
"402","0","3","male",26,"0","0",8.05,"S",-2.08567209143047
"403","0","3","female",21,"1","0",9.825,"S",-2.28493015775532
"404","0","3","male",28,"1","0",15.85,"S",-2.76316950032329
"405","0","3","female",20,"0","0",8.6625,"S",-2.15900336451602
"406","0","2","male",34,"1","0",21,"S",-3.04452243772342
"407","0","3","male",51,"0","0",7.75,"S",-2.04769284336526
"408","1","2","male",3,"1","1",18.75,"S",-2.93119375241642
"409","0","3","male",21,"0","0",7.775,"S",-2.0509134580653
"410","0","3","female",29.881137667304,"3","1",25.4667,"S",-3.23737171640403
"411","0","3","male",29.881137667304,"0","0",7.8958,"S",-2.06633097252974
"412","0","3","male",29.881137667304,"0","0",6.8583,"Q",-1.9254595976159
"413","1","1","female",33,"1","0",90,"Q",-4.49980967033027
"414","0","2","male",29.881137667304,"0","0",0,"S",Inf
"415","1","3","male",44,"0","0",7.925,"S",-2.07002231976334
"416","0","3","female",29.881137667304,"0","0",8.05,"S",-2.08567209143047
"417","1","2","female",34,"1","1",32.5,"S",-3.48124008933569
"418","1","2","female",18,"0","2",13,"S",-2.56494935746154
"419","0","2","male",30,"0","0",13,"S",-2.56494935746154
"420","0","3","female",10,"0","2",24.15,"S",-3.18428438009858
"421","0","3","male",29.881137667304,"0","0",7.8958,"C",-2.06633097252974
"422","0","3","male",21,"0","0",7.7333,"Q",-2.04553567965004
"423","0","3","male",29,"0","0",7.875,"S",-2.0636931847117
"424","0","3","female",28,"1","1",14.4,"S",-2.66722820658195
"425","0","3","male",18,"1","1",20.2125,"S",-3.00630122490323
"426","0","3","male",29.881137667304,"0","0",7.25,"S",-1.98100146886658
"427","1","2","female",28,"1","0",26,"S",-3.25809653802148
"428","1","2","female",19,"0","0",26,"S",-3.25809653802148
"429","0","3","male",29.881137667304,"0","0",7.75,"Q",-2.04769284336526
"430","1","3","male",32,"0","0",8.05,"S",-2.08567209143047
"431","1","1","male",28,"0","0",26.55,"S",-3.27902974768795
"432","1","3","female",29.881137667304,"1","0",16.1,"S",-2.77881927199042
"433","1","2","female",42,"1","0",26,"S",-3.25809653802148
"434","0","3","male",17,"0","0",7.125,"S",-1.96360972615471
"435","0","1","male",50,"1","0",55.9,"S",-4.02356438016105
"436","1","1","female",14,"1","2",120,"S",-4.78749174278205
"437","0","3","female",21,"2","2",34.375,"S",-3.53732955598674
"438","1","2","female",24,"2","3",18.75,"S",-2.93119375241642
"439","0","1","male",64,"1","4",263,"S",-5.57215403217776
"440","0","2","male",31,"0","0",10.5,"S",-2.35137525716348
"441","1","2","female",45,"1","1",26.25,"S",-3.26766598903763
"442","0","3","male",20,"0","0",9.5,"S",-2.2512917986065
"443","0","3","male",25,"1","0",7.775,"S",-2.0509134580653
"444","1","2","female",28,"0","0",13,"S",-2.56494935746154
"445","1","3","male",29.881137667304,"0","0",8.1125,"S",-2.09340608203021
"446","1","1","male",4,"0","2",81.8583,"S",-4.40498970368517
"447","1","2","female",13,"0","1",19.5,"S",-2.9704144655697
"448","1","1","male",34,"0","0",26.55,"S",-3.27902974768795
"449","1","3","female",5,"2","1",19.2583,"C",-2.95794213663839
"450","1","1","male",52,"0","0",30.5,"S",-3.41772668361337
"451","0","2","male",36,"1","2",27.75,"S",-3.32323584019244
"452","0","3","male",29.881137667304,"1","0",19.9667,"S",-2.99406588590098
"453","0","1","male",30,"0","0",27.75,"C",-3.32323584019244
"454","1","1","male",49,"1","0",89.1042,"C",-4.48980647141294
"455","0","3","male",29.881137667304,"0","0",8.05,"S",-2.08567209143047
"456","1","3","male",29,"0","0",7.8958,"C",-2.06633097252974
"457","0","1","male",65,"0","0",26.55,"S",-3.27902974768795
"458","1","1","female",29.881137667304,"1","0",51.8625,"S",-3.94859598565899
"459","1","2","female",50,"0","0",10.5,"S",-2.35137525716348
"460","0","3","male",29.881137667304,"0","0",7.75,"Q",-2.04769284336526
"461","1","1","male",48,"0","0",26.55,"S",-3.27902974768795
"462","0","3","male",34,"0","0",8.05,"S",-2.08567209143047
"463","0","1","male",47,"0","0",38.5,"S",-3.65065824129374
"464","0","2","male",48,"0","0",13,"S",-2.56494935746154
"465","0","3","male",29.881137667304,"0","0",8.05,"S",-2.08567209143047
"466","0","3","male",38,"0","0",7.05,"S",-1.95302761682418
"467","0","2","male",29.881137667304,"0","0",0,"S",Inf
"468","0","1","male",56,"0","0",26.55,"S",-3.27902974768795
"469","0","3","male",29.881137667304,"0","0",7.725,"Q",-2.04446182278381
"470","1","3","female",0.75,"2","1",19.2583,"C",-2.95794213663839
"471","0","3","male",29.881137667304,"0","0",7.25,"S",-1.98100146886658
"472","0","3","male",38,"0","0",8.6625,"S",-2.15900336451602
"473","1","2","female",33,"1","2",27.75,"S",-3.32323584019244
"474","1","2","female",23,"0","0",13.7917,"C",-2.62406696194463
"475","0","3","female",22,"0","0",9.8375,"S",-2.28620161374352
"476","0","1","male",29.881137667304,"0","0",52,"S",-3.95124371858143
"477","0","2","male",34,"1","0",21,"S",-3.04452243772342
"478","0","3","male",29,"1","0",7.0458,"S",-1.95243169461695
"479","0","3","male",22,"0","0",7.5208,"S",-2.0176725152822
"480","1","3","female",2,"0","1",12.2875,"S",-2.50858248547328
"481","0","3","male",9,"5","2",46.9,"S",-3.84801767545223
"482","0","2","male",29.881137667304,"0","0",0,"S",Inf
"483","0","3","male",50,"0","0",8.05,"S",-2.08567209143047
"484","1","3","female",63,"0","0",9.5875,"S",-2.26046016669337
"485","1","1","male",25,"1","0",91.0792,"C",-4.51172945766992
"486","0","3","female",29.881137667304,"3","1",25.4667,"S",-3.23737171640403
"487","1","1","female",35,"1","0",90,"S",-4.49980967033027
"488","0","1","male",58,"0","0",29.7,"C",-3.39114704580865
"489","0","3","male",30,"0","0",8.05,"S",-2.08567209143047
"490","1","3","male",9,"1","1",15.9,"S",-2.76631910922619
"491","0","3","male",29.881137667304,"1","0",19.9667,"S",-2.99406588590098
"492","0","3","male",21,"0","0",7.25,"S",-1.98100146886658
"493","0","1","male",55,"0","0",30.5,"S",-3.41772668361337
"494","0","1","male",71,"0","0",49.5042,"C",-3.90205751446006
"495","0","3","male",21,"0","0",8.05,"S",-2.08567209143047
"496","0","3","male",29.881137667304,"0","0",14.4583,"C",-2.67126864412075
"497","1","1","female",54,"1","0",78.2667,"C",-4.36012222518012
"498","0","3","male",29.881137667304,"0","0",15.1,"S",-2.71469474382088
"499","0","1","female",25,"1","2",151.55,"S",-5.02091560350381
"500","0","3","male",24,"0","0",7.7958,"S",-2.05358512713461
"501","0","3","male",17,"0","0",8.6625,"S",-2.15900336451602
"502","0","3","female",21,"0","0",7.75,"Q",-2.04769284336526
"503","0","3","female",29.881137667304,"0","0",7.6292,"Q",-2.03198299052013
"504","0","3","female",37,"0","0",9.5875,"S",-2.26046016669337
"505","1","1","female",16,"0","0",86.5,"S",-4.46014441393783
"506","0","1","male",18,"1","0",108.9,"C",-4.69043002993891
"507","1","2","female",33,"0","2",26,"S",-3.25809653802148
"508","1","1","male",29.881137667304,"0","0",26.55,"S",-3.27902974768795
"509","0","3","male",28,"0","0",22.525,"S",-3.1146258034944
"510","1","3","male",26,"0","0",56.4958,"S",-4.03416629910613
"511","1","3","male",29,"0","0",7.75,"Q",-2.04769284336526
"512","0","3","male",29.881137667304,"0","0",8.05,"S",-2.08567209143047
"513","1","1","male",36,"0","0",26.2875,"S",-3.26909354102882
"514","1","1","female",54,"1","0",59.4,"C",-4.0842942263686
"515","0","3","male",24,"0","0",7.4958,"S",-2.0143428636837
"516","0","1","male",47,"0","0",34.0208,"S",-3.5269721022703
"517","1","2","female",34,"0","0",10.5,"S",-2.35137525716348
"518","0","3","male",29.881137667304,"0","0",24.15,"Q",-3.18428438009858
"519","1","2","female",36,"1","0",26,"S",-3.25809653802148
"520","0","3","male",32,"0","0",7.8958,"S",-2.06633097252974
"521","1","1","female",30,"0","0",93.5,"S",-4.53796143629464
"522","0","3","male",22,"0","0",7.8958,"S",-2.06633097252974
"523","0","3","male",29.881137667304,"0","0",7.225,"C",-1.9775472339985
"524","1","1","female",44,"0","1",57.9792,"C",-4.06008432553699
"525","0","3","male",29.881137667304,"0","0",7.2292,"C",-1.97812837997935
"526","0","3","male",40.5,"0","0",7.75,"Q",-2.04769284336526
"527","1","2","female",50,"0","0",10.5,"S",-2.35137525716348
"528","0","1","male",29.881137667304,"0","0",221.7792,"S",-5.40168229234028
"529","0","3","male",39,"0","0",7.925,"S",-2.07002231976334
"530","0","2","male",23,"2","1",11.5,"S",-2.4423470353692
"531","1","2","female",2,"1","1",26,"S",-3.25809653802148
"532","0","3","male",29.881137667304,"0","0",7.2292,"C",-1.97812837997935
"533","0","3","male",17,"1","1",7.2292,"C",-1.97812837997935
"534","1","3","female",29.881137667304,"0","2",22.3583,"C",-3.10719761677404
"535","0","3","female",30,"0","0",8.6625,"S",-2.15900336451602
"536","1","2","female",7,"0","2",26.25,"S",-3.26766598903763
"537","0","1","male",45,"0","0",26.55,"S",-3.27902974768795
"538","1","1","female",30,"0","0",106.425,"C",-4.66744051171422
"539","0","3","male",29.881137667304,"0","0",14.5,"S",-2.67414864942653
"540","1","1","female",22,"0","2",49.5,"C",-3.90197266957464
"541","1","1","female",36,"0","2",71,"S",-4.26267987704132
"542","0","3","female",9,"4","2",31.275,"S",-3.44281905635297
"543","0","3","female",11,"4","2",31.275,"S",-3.44281905635297
"544","1","2","male",32,"1","0",26,"S",-3.25809653802148
"545","0","1","male",50,"1","0",106.425,"C",-4.66744051171422
"546","0","1","male",64,"0","0",26,"S",-3.25809653802148
"547","1","2","female",19,"1","0",26,"S",-3.25809653802148
"548","1","2","male",29.881137667304,"0","0",13.8625,"C",-2.62918735267649
"549","0","3","male",33,"1","1",20.525,"S",-3.02164365533849
"550","1","2","male",8,"1","1",36.75,"S",-3.60413822565885
"551","1","1","male",17,"0","2",110.8833,"C",-4.70847829690348
"552","0","2","male",27,"0","0",26,"S",-3.25809653802148
"553","0","3","male",29.881137667304,"0","0",7.8292,"Q",-2.05786033364623
"554","1","3","male",22,"0","0",7.225,"C",-1.9775472339985
"555","1","3","female",22,"0","0",7.775,"S",-2.0509134580653
"556","0","1","male",62,"0","0",26.55,"S",-3.27902974768795
"557","1","1","female",48,"1","0",39.6,"C",-3.67882911826043
"558","0","1","male",29.881137667304,"0","0",227.525,"C",-5.42726012246342
"559","1","1","female",39,"1","1",79.65,"S",-4.37764203635606
"560","1","3","female",36,"1","0",17.4,"S",-2.85647020622048
"561","0","3","male",29.881137667304,"0","0",7.75,"Q",-2.04769284336526
"562","0","3","male",40,"0","0",7.8958,"S",-2.06633097252974
"563","0","2","male",28,"0","0",13.5,"S",-2.60268968544438
"564","0","3","male",29.881137667304,"0","0",8.05,"S",-2.08567209143047
"565","0","3","female",29.881137667304,"0","0",8.05,"S",-2.08567209143047
"566","0","3","male",24,"2","0",24.15,"S",-3.18428438009858
"567","0","3","male",19,"0","0",7.8958,"S",-2.06633097252974
"568","0","3","female",29,"0","4",21.075,"S",-3.04808750388792
"569","0","3","male",29.881137667304,"0","0",7.2292,"C",-1.97812837997935
"570","1","3","male",32,"0","0",7.8542,"S",-2.06104842056294
"571","1","2","male",62,"0","0",10.5,"S",-2.35137525716348
"572","1","1","female",53,"2","0",51.4792,"S",-3.94117784259164
"573","1","1","male",36,"0","0",26.3875,"S",-3.27289041317444
"574","1","3","female",29.881137667304,"0","0",7.75,"Q",-2.04769284336526
"575","0","3","male",16,"0","0",8.05,"S",-2.08567209143047
"576","0","3","male",19,"0","0",14.5,"S",-2.67414864942653
"577","1","2","female",34,"0","0",13,"S",-2.56494935746154
"578","1","1","female",39,"1","0",55.9,"S",-4.02356438016105
"579","0","3","female",29.881137667304,"1","0",14.4583,"C",-2.67126864412075
"580","1","3","male",32,"0","0",7.925,"S",-2.07002231976334
"581","1","2","female",25,"1","1",30,"S",-3.40119738166216
"582","1","1","female",39,"1","1",110.8833,"C",-4.70847829690348
"583","0","2","male",54,"0","0",26,"S",-3.25809653802148
"584","0","1","male",36,"0","0",40.125,"C",-3.69199958145018
"585","0","3","male",29.881137667304,"0","0",8.7125,"C",-2.16475877608664
"586","1","1","female",18,"0","2",79.65,"S",-4.37764203635606
"587","0","2","male",47,"0","0",15,"S",-2.70805020110221
"588","1","1","male",60,"1","1",79.2,"C",-4.37197629882038
"589","0","3","male",22,"0","0",8.05,"S",-2.08567209143047
"590","0","3","male",29.881137667304,"0","0",8.05,"S",-2.08567209143047
"591","0","3","male",35,"0","0",7.125,"S",-1.96360972615471
"592","1","1","female",52,"1","0",78.2667,"C",-4.36012222518012
"593","0","3","male",47,"0","0",7.25,"S",-1.98100146886658
"594","0","3","female",29.881137667304,"0","2",7.75,"Q",-2.04769284336526
"595","0","2","male",37,"1","0",26,"S",-3.25809653802148
"596","0","3","male",36,"1","1",24.15,"S",-3.18428438009858
"597","1","2","female",29.881137667304,"0","0",33,"S",-3.49650756146648
"598","0","3","male",49,"0","0",0,"S",Inf
"599","0","3","male",29.881137667304,"0","0",7.225,"C",-1.9775472339985
"600","1","1","male",49,"1","0",56.9292,"C",-4.04180839051927
"601","1","2","female",24,"2","1",27,"S",-3.29583686600433
"602","0","3","male",29.881137667304,"0","0",7.8958,"S",-2.06633097252974
"603","0","1","male",29.881137667304,"0","0",42.4,"S",-3.74714836223791
"604","0","3","male",44,"0","0",8.05,"S",-2.08567209143047
"605","1","1","male",35,"0","0",26.55,"C",-3.27902974768795
"606","0","3","male",36,"1","0",15.55,"S",-2.74406063862524
"607","0","3","male",30,"0","0",7.8958,"S",-2.06633097252974
"608","1","1","male",27,"0","0",30.5,"S",-3.41772668361337
"609","1","2","female",22,"1","2",41.5792,"C",-3.72760004222554
"610","1","1","female",40,"0","0",153.4625,"S",-5.03345623750696
"611","0","3","female",39,"1","5",31.275,"S",-3.44281905635297
"612","0","3","male",29.881137667304,"0","0",7.05,"S",-1.95302761682418
"613","1","3","female",29.881137667304,"1","0",15.5,"Q",-2.7408400239252
"614","0","3","male",29.881137667304,"0","0",7.75,"Q",-2.04769284336526
"615","0","3","male",35,"0","0",8.05,"S",-2.08567209143047
"616","1","2","female",24,"1","2",65,"S",-4.17438726989564
"617","0","3","male",34,"1","1",14.4,"S",-2.66722820658195
"618","0","3","female",26,"1","0",16.1,"S",-2.77881927199042
"619","1","2","female",4,"2","1",39,"S",-3.66356164612965
"620","0","2","male",26,"0","0",10.5,"S",-2.35137525716348
"621","0","3","male",27,"1","0",14.4542,"C",-2.6709850297652
"622","1","1","male",42,"1","0",52.5542,"S",-3.96184501801123
"623","1","3","male",20,"1","1",15.7417,"C",-2.75631324223972
"624","0","3","male",21,"0","0",7.8542,"S",-2.06104842056294
"625","0","3","male",21,"0","0",16.1,"S",-2.77881927199042
"626","0","1","male",61,"0","0",32.3208,"S",-3.4757109858218
"627","0","2","male",57,"0","0",12.35,"Q",-2.51365606307399
"628","1","1","female",21,"0","0",77.9583,"S",-4.35617406834722
"629","0","3","male",26,"0","0",7.8958,"S",-2.06633097252974
"630","0","3","male",29.881137667304,"0","0",7.7333,"Q",-2.04553567965004
"631","1","1","male",80,"0","0",30,"S",-3.40119738166216
"632","0","3","male",51,"0","0",7.0542,"S",-1.95362318411961
"633","1","1","male",32,"0","0",30.5,"C",-3.41772668361337
"634","0","1","male",29.881137667304,"0","0",0,"S",Inf
"635","0","3","female",9,"3","2",27.9,"S",-3.32862668882732
"636","1","2","female",28,"0","0",13,"S",-2.56494935746154
"637","0","3","male",32,"0","0",7.925,"S",-2.07002231976334
"638","0","2","male",31,"1","1",26.25,"S",-3.26766598903763
"639","0","3","female",41,"0","5",39.6875,"S",-3.68103627665291
"640","0","3","male",29.881137667304,"1","0",16.1,"S",-2.77881927199042
"641","0","3","male",20,"0","0",7.8542,"S",-2.06104842056294
"642","1","1","female",24,"0","0",69.3,"C",-4.23844490619586
"643","0","3","female",2,"3","2",27.9,"S",-3.32862668882732
"644","1","3","male",29.881137667304,"0","0",56.4958,"S",-4.03416629910613
"645","1","3","female",0.75,"2","1",19.2583,"C",-2.95794213663839
"646","1","1","male",48,"1","0",76.7292,"C",-4.34028233996554
"647","0","3","male",19,"0","0",7.8958,"S",-2.06633097252974
"648","1","1","male",56,"0","0",35.5,"C",-3.56953269648137
"649","0","3","male",29.881137667304,"0","0",7.55,"S",-2.02154756326093
"650","1","3","female",23,"0","0",7.55,"S",-2.02154756326093
"651","0","3","male",29.881137667304,"0","0",7.8958,"S",-2.06633097252974
"652","1","2","female",18,"0","1",23,"S",-3.13549421592915
"653","0","3","male",21,"0","0",8.4333,"S",-2.13218815448838
"654","1","3","female",29.881137667304,"0","0",7.8292,"Q",-2.05786033364623
"655","0","3","female",18,"0","0",6.75,"Q",-1.90954250488444
"656","0","2","male",24,"2","0",73.5,"S",-4.29728540621879
"657","0","3","male",29.881137667304,"0","0",7.8958,"S",-2.06633097252974
"658","0","3","female",32,"1","1",15.5,"Q",-2.7408400239252
"659","0","2","male",23,"0","0",13,"S",-2.56494935746154
"660","0","1","male",58,"0","2",113.275,"C",-4.7298184905532
"661","1","1","male",50,"2","0",133.65,"S",-4.89522444258493
"662","0","3","male",40,"0","0",7.225,"C",-1.9775472339985
"663","0","1","male",47,"0","0",25.5875,"S",-3.24210395098741
"664","0","3","male",36,"0","0",7.4958,"S",-2.0143428636837
"665","1","3","male",20,"1","0",7.925,"S",-2.07002231976334
"666","0","2","male",32,"2","0",73.5,"S",-4.29728540621879
"667","0","2","male",25,"0","0",13,"S",-2.56494935746154
"668","0","3","male",29.881137667304,"0","0",7.775,"S",-2.0509134580653
"669","0","3","male",43,"0","0",8.05,"S",-2.08567209143047
"670","1","1","female",29.881137667304,"1","0",52,"S",-3.95124371858143
"671","1","2","female",40,"1","1",39,"S",-3.66356164612965
"672","0","1","male",31,"1","0",52,"S",-3.95124371858143
"673","0","2","male",70,"0","0",10.5,"S",-2.35137525716348
"674","1","2","male",31,"0","0",13,"S",-2.56494935746154
"675","0","2","male",29.881137667304,"0","0",0,"S",Inf
"676","0","3","male",18,"0","0",7.775,"S",-2.0509134580653
"677","0","3","male",24.5,"0","0",8.05,"S",-2.08567209143047
"678","1","3","female",18,"0","0",9.8417,"S",-2.28662846036978
"679","0","3","female",43,"1","6",46.9,"S",-3.84801767545223
"680","1","1","male",36,"0","1",512.3292,"C",-6.23896738717366
"681","0","3","female",29.881137667304,"0","0",8.1375,"Q",-2.09648300753469
"682","1","1","male",27,"0","0",76.7292,"C",-4.34028233996554
"683","0","3","male",20,"0","0",9.225,"S",-2.22191718992659
"684","0","3","male",14,"5","2",46.9,"S",-3.84801767545223
"685","0","2","male",60,"1","1",39,"S",-3.66356164612965
"686","0","2","male",25,"1","2",41.5792,"C",-3.72760004222554
"687","0","3","male",14,"4","1",39.6875,"S",-3.68103627665291
"688","0","3","male",19,"0","0",10.1708,"S",-2.31952086970025
"689","0","3","male",18,"0","0",7.7958,"S",-2.05358512713461
"690","1","1","female",15,"0","1",211.3375,"S",-5.35345638166308
"691","1","1","male",31,"1","0",57,"S",-4.04305126783455
"692","1","3","female",4,"0","1",13.4167,"C",-2.59650019966543
"693","1","3","male",29.881137667304,"0","0",56.4958,"S",-4.03416629910613
"694","0","3","male",25,"0","0",7.225,"C",-1.9775472339985
"695","0","1","male",60,"0","0",26.55,"S",-3.27902974768795
"696","0","2","male",52,"0","0",13.5,"S",-2.60268968544438
"697","0","3","male",44,"0","0",8.05,"S",-2.08567209143047
"698","1","3","female",29.881137667304,"0","0",7.7333,"Q",-2.04553567965004
"699","0","1","male",49,"1","1",110.8833,"C",-4.70847829690348
"700","0","3","male",42,"0","0",7.65,"S",-2.03470564783844
"701","1","1","female",18,"1","0",227.525,"C",-5.42726012246342
"702","1","1","male",35,"0","0",26.2875,"S",-3.26909354102882
"703","0","3","female",18,"0","1",14.4542,"C",-2.6709850297652
"704","0","3","male",25,"0","0",7.7417,"Q",-2.04662130172758
"705","0","3","male",26,"1","0",7.8542,"S",-2.06104842056294
"706","0","2","male",39,"0","0",26,"S",-3.25809653802148
"707","1","2","female",45,"0","0",13.5,"S",-2.60268968544438
"708","1","1","male",42,"0","0",26.2875,"S",-3.26909354102882
"709","1","1","female",22,"0","0",151.55,"S",-5.02091560350381
"710","1","3","male",29.881137667304,"1","1",15.2458,"C",-2.7243040552851
"711","1","1","female",24,"0","0",49.5042,"C",-3.90205751446006
"712","0","1","male",29.881137667304,"0","0",26.55,"S",-3.27902974768795
"713","1","1","male",48,"1","0",52,"S",-3.95124371858143
"714","0","3","male",29,"0","0",9.4833,"S",-2.24953235695956
"715","0","2","male",52,"0","0",13,"S",-2.56494935746154
"716","0","3","male",19,"0","0",7.65,"S",-2.03470564783844
"717","1","1","female",38,"0","0",227.525,"C",-5.42726012246342
"718","1","2","female",27,"0","0",10.5,"S",-2.35137525716348
"719","0","3","male",29.881137667304,"0","0",15.5,"Q",-2.7408400239252
"720","0","3","male",33,"0","0",7.775,"S",-2.0509134580653
"721","1","2","female",6,"0","1",33,"S",-3.49650756146648
"722","0","3","male",17,"1","0",7.0542,"S",-1.95362318411961
"723","0","2","male",34,"0","0",13,"S",-2.56494935746154
"724","0","2","male",50,"0","0",13,"S",-2.56494935746154
"725","1","1","male",27,"1","0",53.1,"S",-3.97217692824789
"726","0","3","male",20,"0","0",8.6625,"S",-2.15900336451602
"727","1","2","female",30,"3","0",21,"S",-3.04452243772342
"728","1","3","female",29.881137667304,"0","0",7.7375,"Q",-2.04607863801071
"729","0","2","male",25,"1","0",26,"S",-3.25809653802148
"730","0","3","female",25,"1","0",7.925,"S",-2.07002231976334
"731","1","1","female",29,"0","0",211.3375,"S",-5.35345638166308
"732","0","3","male",11,"0","0",18.7875,"C",-2.93319175507909
"733","0","2","male",29.881137667304,"0","0",0,"S",Inf
"734","0","2","male",23,"0","0",13,"S",-2.56494935746154
"735","0","2","male",23,"0","0",13,"S",-2.56494935746154
"736","0","3","male",28.5,"0","0",16.1,"S",-2.77881927199042
"737","0","3","female",48,"1","3",34.375,"S",-3.53732955598674
"738","1","1","male",35,"0","0",512.3292,"C",-6.23896738717366
"739","0","3","male",29.881137667304,"0","0",7.8958,"S",-2.06633097252974
"740","0","3","male",29.881137667304,"0","0",7.8958,"S",-2.06633097252974
"741","1","1","male",29.881137667304,"0","0",30,"S",-3.40119738166216
"742","0","1","male",36,"1","0",78.85,"S",-4.36754731340905
"743","1","1","female",21,"2","2",262.375,"C",-5.5697747781408
"744","0","3","male",24,"1","0",16.1,"S",-2.77881927199042
"745","1","3","male",31,"0","0",7.925,"S",-2.07002231976334
"746","0","1","male",70,"1","1",71,"S",-4.26267987704132
"747","0","3","male",16,"1","1",20.25,"S",-3.00815479355255
"748","1","2","female",30,"0","0",13,"S",-2.56494935746154
"749","0","1","male",19,"1","0",53.1,"S",-3.97217692824789
"750","0","3","male",31,"0","0",7.75,"Q",-2.04769284336526
"751","1","2","female",4,"1","1",23,"S",-3.13549421592915
"752","1","3","male",6,"0","1",12.475,"S",-2.52372664163758
"753","0","3","male",33,"0","0",9.5,"S",-2.2512917986065
"754","0","3","male",23,"0","0",7.8958,"S",-2.06633097252974
"755","1","2","female",48,"1","2",65,"S",-4.17438726989564
"756","1","2","male",0.67,"1","1",14.5,"S",-2.67414864942653
"757","0","3","male",28,"0","0",7.7958,"S",-2.05358512713461
"758","0","2","male",18,"0","0",11.5,"S",-2.4423470353692
"759","0","3","male",34,"0","0",8.05,"S",-2.08567209143047
"760","1","1","female",33,"0","0",86.5,"S",-4.46014441393783
"761","0","3","male",29.881137667304,"0","0",14.5,"S",-2.67414864942653
"762","0","3","male",41,"0","0",7.125,"S",-1.96360972615471
"763","1","3","male",20,"0","0",7.2292,"C",-1.97812837997935
"764","1","1","female",36,"1","2",120,"S",-4.78749174278205
"765","0","3","male",16,"0","0",7.775,"S",-2.0509134580653
"766","1","1","female",51,"1","0",77.9583,"S",-4.35617406834722
"767","0","1","male",29.881137667304,"0","0",39.6,"C",-3.67882911826043
"768","0","3","female",30.5,"0","0",7.75,"Q",-2.04769284336526
"769","0","3","male",29.881137667304,"1","0",24.15,"Q",-3.18428438009858
"770","0","3","male",32,"0","0",8.3625,"S",-2.12375742545435
"771","0","3","male",24,"0","0",9.5,"S",-2.2512917986065
"772","0","3","male",48,"0","0",7.8542,"S",-2.06104842056294
"773","0","2","female",57,"0","0",10.5,"S",-2.35137525716348
"774","0","3","male",29.881137667304,"0","0",7.225,"C",-1.9775472339985
"775","1","2","female",54,"1","3",23,"S",-3.13549421592915
"776","0","3","male",18,"0","0",7.75,"S",-2.04769284336526
"777","0","3","male",29.881137667304,"0","0",7.75,"Q",-2.04769284336526
"778","1","3","female",5,"0","0",12.475,"S",-2.52372664163758
"779","0","3","male",29.881137667304,"0","0",7.7375,"Q",-2.04607863801071
"780","1","1","female",43,"0","1",211.3375,"S",-5.35345638166308
"781","1","3","female",13,"0","0",7.2292,"C",-1.97812837997935
"782","1","1","female",17,"1","0",57,"S",-4.04305126783455
"783","0","1","male",29,"0","0",30,"S",-3.40119738166216
"784","0","3","male",29.881137667304,"1","2",23.45,"S",-3.15487049489229
"785","0","3","male",25,"0","0",7.05,"S",-1.95302761682418
"786","0","3","male",25,"0","0",7.25,"S",-1.98100146886658
"787","1","3","female",18,"0","0",7.4958,"S",-2.0143428636837
"788","0","3","male",8,"4","1",29.125,"Q",-3.37159691188586
"789","1","3","male",1,"1","2",20.575,"S",-3.02407674656313
"790","0","1","male",46,"0","0",79.2,"C",-4.37197629882038
"791","0","3","male",29.881137667304,"0","0",7.75,"Q",-2.04769284336526
"792","0","2","male",16,"0","0",26,"S",-3.25809653802148
"793","0","3","female",29.881137667304,"8","2",69.55,"S",-4.24204591836945
"794","0","1","male",29.881137667304,"0","0",30.6958,"C",-3.42412583741652
"795","0","3","male",25,"0","0",7.8958,"S",-2.06633097252974
"796","0","2","male",39,"0","0",13,"S",-2.56494935746154
"797","1","1","female",49,"0","0",25.9292,"S",-3.25536974677999
"798","1","3","female",31,"0","0",8.6833,"S",-2.16140164075231
"799","0","3","male",30,"0","0",7.2292,"C",-1.97812837997935
"800","0","3","female",30,"1","1",24.15,"S",-3.18428438009858
"801","0","2","male",34,"0","0",13,"S",-2.56494935746154
"802","1","2","female",31,"1","1",26.25,"S",-3.26766598903763
"803","1","1","male",11,"1","2",120,"S",-4.78749174278205
"804","1","3","male",0.42,"0","1",8.5167,"C",-2.14202894186827
"805","1","3","male",27,"0","0",6.975,"S",-1.94233232770743
"806","0","3","male",31,"0","0",7.775,"S",-2.0509134580653
"807","0","1","male",39,"0","0",0,"S",Inf
"808","0","3","female",18,"0","0",7.775,"S",-2.0509134580653
"809","0","2","male",39,"0","0",13,"S",-2.56494935746154
"810","1","1","female",33,"1","0",53.1,"S",-3.97217692824789
"811","0","3","male",26,"0","0",7.8875,"S",-2.06527922786733
"812","0","3","male",39,"0","0",24.15,"S",-3.18428438009858
"813","0","2","male",35,"0","0",10.5,"S",-2.35137525716348
"814","0","3","female",6,"4","2",31.275,"S",-3.44281905635297
"815","0","3","male",30.5,"0","0",8.05,"S",-2.08567209143047
"816","0","1","male",29.881137667304,"0","0",0,"S",Inf
"817","0","3","female",23,"0","0",7.925,"S",-2.07002231976334
"818","0","2","male",31,"1","1",37.0042,"C",-3.61103141971557
"819","0","3","male",43,"0","0",6.45,"S",-1.86408013080768
"820","0","3","male",10,"3","2",27.9,"S",-3.32862668882732
"821","1","1","female",52,"1","1",93.5,"S",-4.53796143629464
"822","1","3","male",27,"0","0",8.6625,"S",-2.15900336451602
"823","0","1","male",38,"0","0",0,"S",Inf
"824","1","3","female",27,"0","1",12.475,"S",-2.52372664163758
"825","0","3","male",2,"4","1",39.6875,"S",-3.68103627665291
"826","0","3","male",29.881137667304,"0","0",6.95,"Q",-1.9387416595767
"827","0","3","male",29.881137667304,"0","0",56.4958,"S",-4.03416629910613
"828","1","2","male",1,"0","2",37.0042,"C",-3.61103141971557
"829","1","3","male",29.881137667304,"0","0",7.75,"Q",-2.04769284336526
"830","1","1","female",62,"0","0",80,"Desconegut",-4.38202663467388
"831","1","3","female",15,"1","0",14.4542,"C",-2.6709850297652
"832","1","2","male",0.83,"1","1",18.75,"S",-2.93119375241642
"833","0","3","male",29.881137667304,"0","0",7.2292,"C",-1.97812837997935
"834","0","3","male",23,"0","0",7.8542,"S",-2.06104842056294
"835","0","3","male",18,"0","0",8.3,"S",-2.11625551480255
"836","1","1","female",39,"1","1",83.1583,"C",-4.42074602026042
"837","0","3","male",21,"0","0",8.6625,"S",-2.15900336451602
"838","0","3","male",29.881137667304,"0","0",8.05,"S",-2.08567209143047
"839","1","3","male",32,"0","0",56.4958,"S",-4.03416629910613
"840","1","1","male",29.881137667304,"0","0",29.7,"C",-3.39114704580865
"841","0","3","male",20,"0","0",7.925,"S",-2.07002231976334
"842","0","2","male",16,"0","0",10.5,"S",-2.35137525716348
"843","1","1","female",30,"0","0",31,"C",-3.43398720448515
"844","0","3","male",34.5,"0","0",6.4375,"C",-1.86214026598985
"845","0","3","male",17,"0","0",8.6625,"S",-2.15900336451602
"846","0","3","male",42,"0","0",7.55,"S",-2.02154756326093
"847","0","3","male",29.881137667304,"8","2",69.55,"S",-4.24204591836945
"848","0","3","male",35,"0","0",7.8958,"C",-2.06633097252974
"849","0","2","male",28,"0","1",33,"S",-3.49650756146648
"850","1","1","female",29.881137667304,"1","0",89.1042,"C",-4.48980647141294
"851","0","3","male",4,"4","2",31.275,"S",-3.44281905635297
"852","0","3","male",74,"0","0",7.775,"S",-2.0509134580653
"853","0","3","female",9,"1","1",15.2458,"C",-2.7243040552851
"854","1","1","female",16,"0","1",39.4,"S",-3.67376581630389
"855","0","2","female",44,"1","0",26,"S",-3.25809653802148
"856","1","3","female",18,"0","1",9.35,"S",-2.2353763433006
"857","1","1","female",45,"1","1",164.8667,"S",-5.10513726860277
"858","1","1","male",51,"0","0",26.55,"S",-3.27902974768795
"859","1","3","female",24,"0","3",19.2583,"C",-2.95794213663839
"860","0","3","male",29.881137667304,"0","0",7.2292,"C",-1.97812837997935
"861","0","3","male",41,"2","0",14.1083,"S",-2.64676327667848
"862","0","2","male",21,"1","0",11.5,"S",-2.4423470353692
"863","1","1","female",48,"0","0",25.9292,"S",-3.25536974677999
"864","0","3","female",29.881137667304,"8","2",69.55,"S",-4.24204591836945
"865","0","2","male",24,"0","0",13,"S",-2.56494935746154
"866","1","2","female",42,"0","0",13,"S",-2.56494935746154
"867","1","2","female",27,"1","0",13.8583,"C",-2.62888433111635
"868","0","1","male",31,"0","0",50.4958,"S",-3.92189016450581
"869","0","3","male",29.881137667304,"0","0",9.5,"S",-2.2512917986065
"870","1","3","male",4,"1","1",11.1333,"S",-2.40994061729809
"871","0","3","male",26,"0","0",7.8958,"S",-2.06633097252974
"872","1","1","female",47,"1","1",52.5542,"S",-3.96184501801123
"873","0","1","male",33,"0","0",5,"S",-1.6094379124341
"874","0","3","male",47,"0","0",9,"S",-2.19722457733622
"875","1","2","female",28,"1","0",24,"C",-3.17805383034795
"876","1","3","female",15,"0","0",7.225,"C",-1.9775472339985
"877","0","3","male",20,"0","0",9.8458,"S",-2.28704496831231
"878","0","3","male",19,"0","0",7.8958,"S",-2.06633097252974
"879","0","3","male",29.881137667304,"0","0",7.8958,"S",-2.06633097252974
"880","1","1","female",56,"0","1",83.1583,"C",-4.42074602026042
"881","1","2","female",25,"0","1",26,"S",-3.25809653802148
"882","0","3","male",33,"0","0",7.8958,"S",-2.06633097252974
"883","0","3","female",22,"0","0",10.5167,"S",-2.3529644698862
"884","0","2","male",28,"0","0",10.5,"S",-2.35137525716348
"885","0","3","male",25,"0","0",7.05,"S",-1.95302761682418
"886","0","3","female",39,"0","5",29.125,"Q",-3.37159691188586
"887","0","2","male",27,"0","0",13,"S",-2.56494935746154
"888","1","1","female",19,"0","0",30,"S",-3.40119738166216
"889","0","3","female",29.881137667304,"1","2",23.45,"S",-3.15487049489229
"890","1","1","male",26,"0","0",30,"C",-3.40119738166216
"891","0","3","male",32,"0","0",7.75,"Q",-2.04769284336526
"892",NA,"3","male",34.5,"0","0",7.8292,"Q",-2.05786033364623
"893",NA,"3","female",47,"1","0",7,"S",-1.94591014905531
"894",NA,"2","male",62,"0","0",9.6875,"Q",-2.27083639467947
"895",NA,"3","male",27,"0","0",8.6625,"S",-2.15900336451602
"896",NA,"3","female",22,"1","1",12.2875,"S",-2.50858248547328
"897",NA,"3","male",14,"0","0",9.225,"S",-2.22191718992659
"898",NA,"3","female",30,"0","0",7.6292,"Q",-2.03198299052013
"899",NA,"2","male",26,"1","1",29,"S",-3.36729582998647
"900",NA,"3","female",18,"0","0",7.2292,"C",-1.97812837997935
"901",NA,"3","male",21,"2","0",24.15,"S",-3.18428438009858
"902",NA,"3","male",29.881137667304,"0","0",7.8958,"S",-2.06633097252974
"903",NA,"1","male",46,"0","0",26,"S",-3.25809653802148
"904",NA,"1","female",23,"1","0",82.2667,"S",-4.40996640854943
"905",NA,"2","male",63,"1","0",26,"S",-3.25809653802148
"906",NA,"1","female",47,"1","0",61.175,"S",-4.11373860932874
"907",NA,"2","female",24,"1","0",27.7208,"C",-3.32218303393412
"908",NA,"2","male",35,"0","0",12.35,"Q",-2.51365606307399
"909",NA,"3","male",21,"0","0",7.225,"C",-1.9775472339985
"910",NA,"3","female",27,"1","0",7.925,"S",-2.07002231976334
"911",NA,"3","female",45,"0","0",7.225,"C",-1.9775472339985
"912",NA,"1","male",55,"1","0",59.4,"C",-4.0842942263686
"913",NA,"3","male",9,"0","1",3.1708,"S",-1.15398392198086
"914",NA,"1","female",29.881137667304,"0","0",31.6833,"S",-3.45578972818792
"915",NA,"1","male",21,"0","1",61.3792,"C",-4.11707101554523
"916",NA,"1","female",48,"1","3",262.375,"C",-5.5697747781408
"917",NA,"3","male",50,"1","0",14.5,"S",-2.67414864942653
"918",NA,"1","female",22,"0","1",61.9792,"C",-4.12679884488682
"919",NA,"3","male",22.5,"0","0",7.225,"C",-1.9775472339985
"920",NA,"1","male",41,"0","0",30.5,"S",-3.41772668361337
"921",NA,"3","male",29.881137667304,"2","0",21.6792,"C",-3.07635327552161
"922",NA,"2","male",50,"1","0",26,"S",-3.25809653802148
"923",NA,"2","male",24,"2","0",31.5,"S",-3.44998754583159
"924",NA,"3","female",33,"1","2",20.575,"S",-3.02407674656313
"925",NA,"3","female",29.881137667304,"1","2",23.45,"S",-3.15487049489229
"926",NA,"1","male",30,"1","0",57.75,"C",-4.0561233494019
"927",NA,"3","male",18.5,"0","0",7.2292,"C",-1.97812837997935
"928",NA,"3","female",29.881137667304,"0","0",8.05,"S",-2.08567209143047
"929",NA,"3","female",21,"0","0",8.6625,"S",-2.15900336451602
"930",NA,"3","male",25,"0","0",9.5,"S",-2.2512917986065
"931",NA,"3","male",29.881137667304,"0","0",56.4958,"S",-4.03416629910613
"932",NA,"3","male",39,"0","1",13.4167,"C",-2.59650019966543
"933",NA,"1","male",29.881137667304,"0","0",26.55,"S",-3.27902974768795
"934",NA,"3","male",41,"0","0",7.85,"S",-2.06051353179432
"935",NA,"2","female",30,"0","0",13,"S",-2.56494935746154
"936",NA,"1","female",45,"1","0",52.5542,"S",-3.96184501801123
"937",NA,"3","male",25,"0","0",7.925,"S",-2.07002231976334
"938",NA,"1","male",45,"0","0",29.7,"C",-3.39114704580865
"939",NA,"3","male",29.881137667304,"0","0",7.75,"Q",-2.04769284336526
"940",NA,"1","female",60,"0","0",76.2917,"C",-4.33456415124619
"941",NA,"3","female",36,"0","2",15.9,"S",-2.76631910922619
"942",NA,"1","male",24,"1","0",60,"S",-4.0943445622221
"943",NA,"2","male",27,"0","0",15.0333,"C",-2.71026774054316
"944",NA,"2","female",20,"2","1",23,"S",-3.13549421592915
"945",NA,"1","female",28,"3","2",263,"S",-5.57215403217776
"946",NA,"2","male",29.881137667304,"0","0",15.5792,"C",-2.74593669124235
"947",NA,"3","male",10,"4","1",29.125,"Q",-3.37159691188586
"948",NA,"3","male",35,"0","0",7.8958,"S",-2.06633097252974
"949",NA,"3","male",25,"0","0",7.65,"S",-2.03470564783844
"950",NA,"3","male",29.881137667304,"1","0",16.1,"S",-2.77881927199042
"951",NA,"1","female",36,"0","0",262.375,"C",-5.5697747781408
"952",NA,"3","male",17,"0","0",7.8958,"S",-2.06633097252974
"953",NA,"2","male",32,"0","0",13.5,"S",-2.60268968544438
"954",NA,"3","male",18,"0","0",7.75,"S",-2.04769284336526
"955",NA,"3","female",22,"0","0",7.725,"Q",-2.04446182278381
"956",NA,"1","male",13,"2","2",262.375,"C",-5.5697747781408
"957",NA,"2","female",29.881137667304,"0","0",21,"S",-3.04452243772342
"958",NA,"3","female",18,"0","0",7.8792,"Q",-2.06422637587336
"959",NA,"1","male",47,"0","0",42.4,"S",-3.74714836223791
"960",NA,"1","male",31,"0","0",28.5375,"C",-3.35121901185591
"961",NA,"1","female",60,"1","4",263,"S",-5.57215403217776
"962",NA,"3","female",24,"0","0",7.75,"Q",-2.04769284336526
"963",NA,"3","male",21,"0","0",7.8958,"S",-2.06633097252974
"964",NA,"3","female",29,"0","0",7.925,"S",-2.07002231976334
"965",NA,"1","male",28.5,"0","0",27.7208,"C",-3.32218303393412
"966",NA,"1","female",35,"0","0",211.5,"C",-5.35422499848633
"967",NA,"1","male",32.5,"0","0",211.5,"C",-5.35422499848633
"968",NA,"3","male",29.881137667304,"0","0",8.05,"S",-2.08567209143047
"969",NA,"1","female",55,"2","0",25.7,"S",-3.24649099190117
"970",NA,"2","male",30,"0","0",13,"S",-2.56494935746154
"971",NA,"3","female",24,"0","0",7.75,"Q",-2.04769284336526
"972",NA,"3","male",6,"1","1",15.2458,"C",-2.7243040552851
"973",NA,"1","male",67,"1","0",221.7792,"S",-5.40168229234028
"974",NA,"1","male",49,"0","0",26,"S",-3.25809653802148
"975",NA,"3","male",29.881137667304,"0","0",7.8958,"S",-2.06633097252974
"976",NA,"2","male",29.881137667304,"0","0",10.7083,"Q",-2.37101914170196
"977",NA,"3","male",29.881137667304,"1","0",14.4542,"C",-2.6709850297652
"978",NA,"3","female",27,"0","0",7.8792,"Q",-2.06422637587336
"979",NA,"3","female",18,"0","0",8.05,"S",-2.08567209143047
"980",NA,"3","female",29.881137667304,"0","0",7.75,"Q",-2.04769284336526
"981",NA,"2","male",2,"1","1",23,"S",-3.13549421592915
"982",NA,"3","female",22,"1","0",13.9,"S",-2.63188884013665
"983",NA,"3","male",29.881137667304,"0","0",7.775,"S",-2.0509134580653
"984",NA,"1","female",27,"1","2",52,"S",-3.95124371858143
"985",NA,"3","male",29.881137667304,"0","0",8.05,"S",-2.08567209143047
"986",NA,"1","male",25,"0","0",26,"C",-3.25809653802148
"987",NA,"3","male",25,"0","0",7.7958,"S",-2.05358512713461
"988",NA,"1","female",76,"1","0",78.85,"S",-4.36754731340905
"989",NA,"3","male",29,"0","0",7.925,"S",-2.07002231976334
"990",NA,"3","female",20,"0","0",7.8542,"S",-2.06104842056294
"991",NA,"3","male",33,"0","0",8.05,"S",-2.08567209143047
"992",NA,"1","female",43,"1","0",55.4417,"C",-4.01533201819219
"993",NA,"2","male",27,"1","0",26,"S",-3.25809653802148
"994",NA,"3","male",29.881137667304,"0","0",7.75,"Q",-2.04769284336526
"995",NA,"3","male",26,"0","0",7.775,"S",-2.0509134580653
"996",NA,"3","female",16,"1","1",8.5167,"C",-2.14202894186827
"997",NA,"3","male",28,"0","0",22.525,"S",-3.1146258034944
"998",NA,"3","male",21,"0","0",7.8208,"Q",-2.05678685111503
"999",NA,"3","male",29.881137667304,"0","0",7.75,"Q",-2.04769284336526
"1000",NA,"3","male",29.881137667304,"0","0",8.7125,"S",-2.16475877608664
"1001",NA,"2","male",18.5,"0","0",13,"S",-2.56494935746154
"1002",NA,"2","male",41,"0","0",15.0458,"C",-2.71109888248023
"1003",NA,"3","female",29.881137667304,"0","0",7.7792,"Q",-2.05145350513967
"1004",NA,"1","female",36,"0","0",31.6792,"C",-3.45566031410212
"1005",NA,"3","female",18.5,"0","0",7.2833,"Q",-1.98558405620398
"1006",NA,"1","female",63,"1","0",221.7792,"S",-5.40168229234028
"1007",NA,"3","male",18,"1","0",14.4542,"C",-2.6709850297652
"1008",NA,"3","male",29.881137667304,"0","0",6.4375,"C",-1.86214026598985
"1009",NA,"3","female",1,"1","1",16.7,"S",-2.81540871942271
"1010",NA,"1","male",36,"0","0",75.2417,"C",-4.32070559854228
"1011",NA,"2","female",29,"1","0",26,"S",-3.25809653802148
"1012",NA,"2","female",12,"0","0",15.75,"S",-2.75684036527164
"1013",NA,"3","male",29.881137667304,"1","0",7.75,"Q",-2.04769284336526
"1014",NA,"1","female",35,"1","0",57.75,"C",-4.0561233494019
"1015",NA,"3","male",28,"0","0",7.25,"S",-1.98100146886658
"1016",NA,"3","male",29.881137667304,"0","0",7.75,"Q",-2.04769284336526
"1017",NA,"3","female",17,"0","1",16.1,"S",-2.77881927199042
"1018",NA,"3","male",22,"0","0",7.7958,"S",-2.05358512713461
"1019",NA,"3","female",29.881137667304,"2","0",23.25,"Q",-3.14630513203337
"1020",NA,"2","male",42,"0","0",13,"S",-2.56494935746154
"1021",NA,"3","male",24,"0","0",8.05,"S",-2.08567209143047
"1022",NA,"3","male",32,"0","0",8.05,"S",-2.08567209143047
"1023",NA,"1","male",53,"0","0",28.5,"C",-3.3499040872746
"1024",NA,"3","female",29.881137667304,"0","4",25.4667,"S",-3.23737171640403
"1025",NA,"3","male",29.881137667304,"1","0",6.4375,"C",-1.86214026598985
"1026",NA,"3","male",43,"0","0",7.8958,"S",-2.06633097252974
"1027",NA,"3","male",24,"0","0",7.8542,"S",-2.06104842056294
"1028",NA,"3","male",26.5,"0","0",7.225,"C",-1.9775472339985
"1029",NA,"2","male",26,"0","0",13,"S",-2.56494935746154
"1030",NA,"3","female",23,"0","0",8.05,"S",-2.08567209143047
"1031",NA,"3","male",40,"1","6",46.9,"S",-3.84801767545223
"1032",NA,"3","female",10,"5","2",46.9,"S",-3.84801767545223
"1033",NA,"1","female",33,"0","0",151.55,"S",-5.02091560350381
"1034",NA,"1","male",61,"1","3",262.375,"C",-5.5697747781408
"1035",NA,"2","male",28,"0","0",26,"S",-3.25809653802148
"1036",NA,"1","male",42,"0","0",26.55,"S",-3.27902974768795
"1037",NA,"3","male",31,"3","0",18,"S",-2.89037175789616
"1038",NA,"1","male",29.881137667304,"0","0",51.8625,"S",-3.94859598565899
"1039",NA,"3","male",22,"0","0",8.05,"S",-2.08567209143047
"1040",NA,"1","male",29.881137667304,"0","0",26.55,"S",-3.27902974768795
"1041",NA,"2","male",30,"1","1",26,"S",-3.25809653802148
"1042",NA,"1","female",23,"0","1",83.1583,"C",-4.42074602026042
"1043",NA,"3","male",29.881137667304,"0","0",7.8958,"C",-2.06633097252974
"1044",NA,"3","male",60.5,"0","0",0,"S",Inf
"1045",NA,"3","female",36,"0","2",12.1833,"S",-2.50006616154582
"1046",NA,"3","male",13,"4","2",31.3875,"S",-3.4464097244837
"1047",NA,"3","male",24,"0","0",7.55,"S",-2.02154756326093
"1048",NA,"1","female",29,"0","0",221.7792,"S",-5.40168229234028
"1049",NA,"3","female",23,"0","0",7.8542,"S",-2.06104842056294
"1050",NA,"1","male",42,"0","0",26.55,"S",-3.27902974768795
"1051",NA,"3","female",26,"0","2",13.775,"S",-2.62285535503898
"1052",NA,"3","female",29.881137667304,"0","0",7.7333,"Q",-2.04553567965004
"1053",NA,"3","male",7,"1","1",15.2458,"C",-2.7243040552851
"1054",NA,"2","female",26,"0","0",13.5,"S",-2.60268968544438
"1055",NA,"3","male",29.881137667304,"0","0",7,"S",-1.94591014905531
"1056",NA,"2","male",41,"0","0",13,"S",-2.56494935746154
"1057",NA,"3","female",26,"1","1",22.025,"S",-3.09217817182224
"1058",NA,"1","male",48,"0","0",50.4958,"C",-3.92189016450581
"1059",NA,"3","male",18,"2","2",34.375,"S",-3.53732955598674
"1060",NA,"1","female",29.881137667304,"0","0",27.7208,"C",-3.32218303393412
"1061",NA,"3","female",22,"0","0",8.9625,"S",-2.19304920592574
"1062",NA,"3","male",29.881137667304,"0","0",7.55,"S",-2.02154756326093
"1063",NA,"3","male",27,"0","0",7.225,"C",-1.9775472339985
"1064",NA,"3","male",23,"1","0",13.9,"S",-2.63188884013665
"1065",NA,"3","male",29.881137667304,"0","0",7.2292,"C",-1.97812837997935
"1066",NA,"3","male",40,"1","5",31.3875,"S",-3.4464097244837
"1067",NA,"2","female",15,"0","2",39,"S",-3.66356164612965
"1068",NA,"2","female",20,"0","0",36.75,"S",-3.60413822565885
"1069",NA,"1","male",54,"1","0",55.4417,"C",-4.01533201819219
"1070",NA,"2","female",36,"0","3",39,"S",-3.66356164612965
"1071",NA,"1","female",64,"0","2",83.1583,"C",-4.42074602026042
"1072",NA,"2","male",30,"0","0",13,"S",-2.56494935746154
"1073",NA,"1","male",37,"1","1",83.1583,"C",-4.42074602026042
"1074",NA,"1","female",18,"1","0",53.1,"S",-3.97217692824789
"1075",NA,"3","male",29.881137667304,"0","0",7.75,"Q",-2.04769284336526
"1076",NA,"1","female",27,"1","1",247.5208,"C",-5.51149461888159
"1077",NA,"2","male",40,"0","0",16,"S",-2.77258872223978
"1078",NA,"2","female",21,"0","1",21,"S",-3.04452243772342
"1079",NA,"3","male",17,"2","0",8.05,"S",-2.08567209143047
"1080",NA,"3","female",29.881137667304,"8","2",69.55,"S",-4.24204591836945
"1081",NA,"2","male",40,"0","0",13,"S",-2.56494935746154
"1082",NA,"2","male",34,"1","0",26,"S",-3.25809653802148
"1083",NA,"1","male",29.881137667304,"0","0",26,"S",-3.25809653802148
"1084",NA,"3","male",11.5,"1","1",14.5,"S",-2.67414864942653
"1085",NA,"2","male",61,"0","0",12.35,"Q",-2.51365606307399
"1086",NA,"2","male",8,"0","2",32.5,"S",-3.48124008933569
"1087",NA,"3","male",33,"0","0",7.8542,"S",-2.06104842056294
"1088",NA,"1","male",6,"0","2",134.5,"C",-4.90156419904189
"1089",NA,"3","female",18,"0","0",7.775,"S",-2.0509134580653
"1090",NA,"2","male",23,"0","0",10.5,"S",-2.35137525716348
"1091",NA,"3","female",29.881137667304,"0","0",8.1125,"S",-2.09340608203021
"1092",NA,"3","female",29.881137667304,"0","0",15.5,"Q",-2.7408400239252
"1093",NA,"3","male",0.33,"0","2",14.4,"S",-2.66722820658195
"1094",NA,"1","male",47,"1","0",227.525,"C",-5.42726012246342
"1095",NA,"2","female",8,"1","1",26,"S",-3.25809653802148
"1096",NA,"2","male",25,"0","0",10.5,"S",-2.35137525716348
"1097",NA,"1","male",29.881137667304,"0","0",25.7417,"C",-3.24811224505315
"1098",NA,"3","female",35,"0","0",7.75,"Q",-2.04769284336526
"1099",NA,"2","male",24,"0","0",10.5,"S",-2.35137525716348
"1100",NA,"1","female",33,"0","0",27.7208,"C",-3.32218303393412
"1101",NA,"3","male",25,"0","0",7.8958,"S",-2.06633097252974
"1102",NA,"3","male",32,"0","0",22.525,"S",-3.1146258034944
"1103",NA,"3","male",29.881137667304,"0","0",7.05,"S",-1.95302761682418
"1104",NA,"2","male",17,"0","0",73.5,"S",-4.29728540621879
"1105",NA,"2","female",60,"1","0",26,"S",-3.25809653802148
"1106",NA,"3","female",38,"4","2",7.775,"S",-2.0509134580653
"1107",NA,"1","male",42,"0","0",42.5,"S",-3.74950407593037
"1108",NA,"3","female",29.881137667304,"0","0",7.8792,"Q",-2.06422637587336
"1109",NA,"1","male",57,"1","1",164.8667,"S",-5.10513726860277
"1110",NA,"1","female",50,"1","1",211.5,"C",-5.35422499848633
"1111",NA,"3","male",29.881137667304,"0","0",8.05,"S",-2.08567209143047
"1112",NA,"2","female",30,"1","0",13.8583,"C",-2.62888433111635
"1113",NA,"3","male",21,"0","0",8.05,"S",-2.08567209143047
"1114",NA,"2","female",22,"0","0",10.5,"S",-2.35137525716348
"1115",NA,"3","male",21,"0","0",7.7958,"S",-2.05358512713461
"1116",NA,"1","female",53,"0","0",27.4458,"C",-3.31221315078453
"1117",NA,"3","female",29.881137667304,"0","2",15.2458,"C",-2.7243040552851
"1118",NA,"3","male",23,"0","0",7.7958,"S",-2.05358512713461
"1119",NA,"3","female",29.881137667304,"0","0",7.75,"Q",-2.04769284336526
"1120",NA,"3","male",40.5,"0","0",15.1,"S",-2.71469474382088
"1121",NA,"2","male",36,"0","0",13,"S",-2.56494935746154
"1122",NA,"2","male",14,"0","0",65,"S",-4.17438726989564
"1123",NA,"1","female",21,"0","0",26.55,"S",-3.27902974768795
"1124",NA,"3","male",21,"1","0",6.4958,"S",-1.87115581420807
"1125",NA,"3","male",29.881137667304,"0","0",7.8792,"Q",-2.06422637587336
"1126",NA,"1","male",39,"1","0",71.2833,"C",-4.26666207838721
"1127",NA,"3","male",20,"0","0",7.8542,"S",-2.06104842056294
"1128",NA,"1","male",64,"1","0",75.25,"C",-4.32081590362899
"1129",NA,"3","male",20,"0","0",7.225,"C",-1.9775472339985
"1130",NA,"2","female",18,"1","1",13,"S",-2.56494935746154
"1131",NA,"1","female",48,"1","0",106.425,"C",-4.66744051171422
"1132",NA,"1","female",55,"0","0",27.7208,"C",-3.32218303393412
"1133",NA,"2","female",45,"0","2",30,"S",-3.40119738166216
"1134",NA,"1","male",45,"1","1",134.5,"C",-4.90156419904189
"1135",NA,"3","male",29.881137667304,"0","0",7.8875,"S",-2.06527922786733
"1136",NA,"3","male",29.881137667304,"1","2",23.45,"S",-3.15487049489229
"1137",NA,"1","male",41,"1","0",51.8625,"S",-3.94859598565899
"1138",NA,"2","female",22,"0","0",21,"S",-3.04452243772342
"1139",NA,"2","male",42,"1","1",32.5,"S",-3.48124008933569
"1140",NA,"2","female",29,"1","0",26,"S",-3.25809653802148
"1141",NA,"3","female",29.881137667304,"1","0",14.4542,"C",-2.6709850297652
"1142",NA,"2","female",0.92,"1","2",27.75,"S",-3.32323584019244
"1143",NA,"3","male",20,"0","0",7.925,"S",-2.07002231976334
"1144",NA,"1","male",27,"1","0",136.7792,"C",-4.91836794684454
"1145",NA,"3","male",24,"0","0",9.325,"S",-2.23269896552988
"1146",NA,"3","male",32.5,"0","0",9.5,"S",-2.2512917986065
"1147",NA,"3","male",29.881137667304,"0","0",7.55,"S",-2.02154756326093
"1148",NA,"3","male",29.881137667304,"0","0",7.75,"Q",-2.04769284336526
"1149",NA,"3","male",28,"0","0",8.05,"S",-2.08567209143047
"1150",NA,"2","female",19,"0","0",13,"S",-2.56494935746154
"1151",NA,"3","male",21,"0","0",7.775,"S",-2.0509134580653
"1152",NA,"3","male",36.5,"1","0",17.4,"S",-2.85647020622048
"1153",NA,"3","male",21,"0","0",7.8542,"S",-2.06104842056294
"1154",NA,"2","female",29,"0","2",23,"S",-3.13549421592915
"1155",NA,"3","female",1,"1","1",12.1833,"S",-2.50006616154582
"1156",NA,"2","male",30,"0","0",12.7375,"C",-2.54455039854884
"1157",NA,"3","male",29.881137667304,"0","0",7.8958,"S",-2.06633097252974
"1158",NA,"1","male",29.881137667304,"0","0",0,"S",Inf
"1159",NA,"3","male",29.881137667304,"0","0",7.55,"S",-2.02154756326093
"1160",NA,"3","female",29.881137667304,"0","0",8.05,"S",-2.08567209143047
"1161",NA,"3","male",17,"0","0",8.6625,"S",-2.15900336451602
"1162",NA,"1","male",46,"0","0",75.2417,"C",-4.32070559854228
"1163",NA,"3","male",29.881137667304,"0","0",7.75,"Q",-2.04769284336526
"1164",NA,"1","female",26,"1","0",136.7792,"C",-4.91836794684454
"1165",NA,"3","female",29.881137667304,"1","0",15.5,"Q",-2.7408400239252
"1166",NA,"3","male",29.881137667304,"0","0",7.225,"C",-1.9775472339985
"1167",NA,"2","female",20,"1","0",26,"S",-3.25809653802148
"1168",NA,"2","male",28,"0","0",10.5,"S",-2.35137525716348
"1169",NA,"2","male",40,"1","0",26,"S",-3.25809653802148
"1170",NA,"2","male",30,"1","0",21,"S",-3.04452243772342
"1171",NA,"2","male",22,"0","0",10.5,"S",-2.35137525716348
"1172",NA,"3","female",23,"0","0",8.6625,"S",-2.15900336451602
"1173",NA,"3","male",0.75,"1","1",13.775,"S",-2.62285535503898
"1174",NA,"3","female",29.881137667304,"0","0",7.75,"Q",-2.04769284336526
"1175",NA,"3","female",9,"1","1",15.2458,"C",-2.7243040552851
"1176",NA,"3","female",2,"1","1",20.2125,"S",-3.00630122490323
"1177",NA,"3","male",36,"0","0",7.25,"S",-1.98100146886658
"1178",NA,"3","male",29.881137667304,"0","0",7.25,"S",-1.98100146886658
"1179",NA,"1","male",24,"1","0",82.2667,"S",-4.40996640854943
"1180",NA,"3","male",29.881137667304,"0","0",7.2292,"C",-1.97812837997935
"1181",NA,"3","male",29.881137667304,"0","0",8.05,"S",-2.08567209143047
"1182",NA,"1","male",29.881137667304,"0","0",39.6,"S",-3.67882911826043
"1183",NA,"3","female",30,"0","0",6.95,"Q",-1.9387416595767
"1184",NA,"3","male",29.881137667304,"0","0",7.2292,"C",-1.97812837997935
"1185",NA,"1","male",53,"1","1",81.8583,"S",-4.40498970368517
"1186",NA,"3","male",36,"0","0",9.5,"S",-2.2512917986065
"1187",NA,"3","male",26,"0","0",7.8958,"S",-2.06633097252974
"1188",NA,"2","female",1,"1","2",41.5792,"C",-3.72760004222554
"1189",NA,"3","male",29.881137667304,"2","0",21.6792,"C",-3.07635327552161
"1190",NA,"1","male",30,"0","0",45.5,"S",-3.8177123259569
"1191",NA,"3","male",29,"0","0",7.8542,"S",-2.06104842056294
"1192",NA,"3","male",32,"0","0",7.775,"S",-2.0509134580653
"1193",NA,"2","male",29.881137667304,"0","0",15.0458,"C",-2.71109888248023
"1194",NA,"2","male",43,"0","1",21,"S",-3.04452243772342
"1195",NA,"3","male",24,"0","0",8.6625,"S",-2.15900336451602
"1196",NA,"3","female",29.881137667304,"0","0",7.75,"Q",-2.04769284336526
"1197",NA,"1","female",64,"1","1",26.55,"S",-3.27902974768795
"1198",NA,"1","male",30,"1","2",151.55,"S",-5.02091560350381
"1199",NA,"3","male",0.83,"0","1",9.35,"S",-2.2353763433006
"1200",NA,"1","male",55,"1","1",93.5,"S",-4.53796143629464
"1201",NA,"3","female",45,"1","0",14.1083,"S",-2.64676327667848
"1202",NA,"3","male",18,"0","0",8.6625,"S",-2.15900336451602
"1203",NA,"3","male",22,"0","0",7.225,"C",-1.9775472339985
"1204",NA,"3","male",29.881137667304,"0","0",7.575,"S",-2.02485335139543
"1205",NA,"3","female",37,"0","0",7.75,"Q",-2.04769284336526
"1206",NA,"1","female",55,"0","0",135.6333,"C",-4.90995492057888
"1207",NA,"3","female",17,"0","0",7.7333,"Q",-2.04553567965004
"1208",NA,"1","male",57,"1","0",146.5208,"C",-4.98716739790117
"1209",NA,"2","male",19,"0","0",10.5,"S",-2.35137525716348
"1210",NA,"3","male",27,"0","0",7.8542,"S",-2.06104842056294
"1211",NA,"2","male",22,"2","0",31.5,"S",-3.44998754583159
"1212",NA,"3","male",26,"0","0",7.775,"S",-2.0509134580653
"1213",NA,"3","male",25,"0","0",7.2292,"C",-1.97812837997935
"1214",NA,"2","male",26,"0","0",13,"S",-2.56494935746154
"1215",NA,"1","male",33,"0","0",26.55,"S",-3.27902974768795
"1216",NA,"1","female",39,"0","0",211.3375,"S",-5.35345638166308
"1217",NA,"3","male",23,"0","0",7.05,"S",-1.95302761682418
"1218",NA,"2","female",12,"2","1",39,"S",-3.66356164612965
"1219",NA,"1","male",46,"0","0",79.2,"C",-4.37197629882038
"1220",NA,"2","male",29,"1","0",26,"S",-3.25809653802148
"1221",NA,"2","male",21,"0","0",13,"S",-2.56494935746154
"1222",NA,"2","female",48,"0","2",36.75,"S",-3.60413822565885
"1223",NA,"1","male",39,"0","0",29.7,"C",-3.39114704580865
"1224",NA,"3","male",29.881137667304,"0","0",7.225,"C",-1.9775472339985
"1225",NA,"3","female",19,"1","1",15.7417,"C",-2.75631324223972
"1226",NA,"3","male",27,"0","0",7.8958,"S",-2.06633097252974
"1227",NA,"1","male",30,"0","0",26,"S",-3.25809653802148
"1228",NA,"2","male",32,"0","0",13,"S",-2.56494935746154
"1229",NA,"3","male",39,"0","2",7.2292,"C",-1.97812837997935
"1230",NA,"2","male",25,"0","0",31.5,"S",-3.44998754583159
"1231",NA,"3","male",29.881137667304,"0","0",7.2292,"C",-1.97812837997935
"1232",NA,"2","male",18,"0","0",10.5,"S",-2.35137525716348
"1233",NA,"3","male",32,"0","0",7.5792,"S",-2.02540765318735
"1234",NA,"3","male",29.881137667304,"1","9",69.55,"S",-4.24204591836945
"1235",NA,"1","female",58,"0","1",512.3292,"C",-6.23896738717366
"1236",NA,"3","male",29.881137667304,"1","1",14.5,"S",-2.67414864942653
"1237",NA,"3","female",16,"0","0",7.65,"S",-2.03470564783844
"1238",NA,"2","male",26,"0","0",13,"S",-2.56494935746154
"1239",NA,"3","female",38,"0","0",7.2292,"C",-1.97812837997935
"1240",NA,"2","male",24,"0","0",13.5,"S",-2.60268968544438
"1241",NA,"2","female",31,"0","0",21,"S",-3.04452243772342
"1242",NA,"1","female",45,"0","1",63.3583,"C",-4.14880591633814
"1243",NA,"2","male",25,"0","0",10.5,"S",-2.35137525716348
"1244",NA,"2","male",18,"0","0",73.5,"S",-4.29728540621879
"1245",NA,"2","male",49,"1","2",65,"S",-4.17438726989564
"1246",NA,"3","female",0.17,"1","2",20.575,"S",-3.02407674656313
"1247",NA,"1","male",50,"0","0",26,"S",-3.25809653802148
"1248",NA,"1","female",59,"2","0",51.4792,"S",-3.94117784259164
"1249",NA,"3","male",29.881137667304,"0","0",7.8792,"S",-2.06422637587336
"1250",NA,"3","male",29.881137667304,"0","0",7.75,"Q",-2.04769284336526
"1251",NA,"3","female",30,"1","0",15.55,"S",-2.74406063862524
"1252",NA,"3","male",14.5,"8","2",69.55,"S",-4.24204591836945
"1253",NA,"2","female",24,"1","1",37.0042,"C",-3.61103141971557
"1254",NA,"2","female",31,"0","0",21,"S",-3.04452243772342
"1255",NA,"3","male",27,"0","0",8.6625,"S",-2.15900336451602
"1256",NA,"1","female",25,"1","0",55.4417,"C",-4.01533201819219
"1257",NA,"3","female",29.881137667304,"1","9",69.55,"S",-4.24204591836945
"1258",NA,"3","male",29.881137667304,"1","0",14.4583,"C",-2.67126864412075
"1259",NA,"3","female",22,"0","0",39.6875,"S",-3.68103627665291
"1260",NA,"1","female",45,"0","1",59.4,"C",-4.0842942263686
"1261",NA,"2","male",29,"0","0",13.8583,"C",-2.62888433111635
"1262",NA,"2","male",21,"1","0",11.5,"S",-2.4423470353692
"1263",NA,"1","female",31,"0","0",134.5,"C",-4.90156419904189
"1264",NA,"1","male",49,"0","0",0,"S",Inf
"1265",NA,"2","male",44,"0","0",13,"S",-2.56494935746154
"1266",NA,"1","female",54,"1","1",81.8583,"S",-4.40498970368517
"1267",NA,"1","female",45,"0","0",262.375,"C",-5.5697747781408
"1268",NA,"3","female",22,"2","0",8.6625,"S",-2.15900336451602
"1269",NA,"2","male",21,"0","0",11.5,"S",-2.4423470353692
"1270",NA,"1","male",55,"0","0",50,"S",-3.91202300542815
"1271",NA,"3","male",5,"4","2",31.3875,"S",-3.4464097244837
"1272",NA,"3","male",29.881137667304,"0","0",7.75,"Q",-2.04769284336526
"1273",NA,"3","male",26,"0","0",7.8792,"Q",-2.06422637587336
"1274",NA,"3","female",29.881137667304,"0","0",14.5,"S",-2.67414864942653
"1275",NA,"3","female",19,"1","0",16.1,"S",-2.77881927199042
"1276",NA,"2","male",29.881137667304,"0","0",12.875,"S",-2.5552874465498
"1277",NA,"2","female",24,"1","2",65,"S",-4.17438726989564
"1278",NA,"3","male",24,"0","0",7.775,"S",-2.0509134580653
"1279",NA,"2","male",57,"0","0",13,"S",-2.56494935746154
"1280",NA,"3","male",21,"0","0",7.75,"Q",-2.04769284336526
"1281",NA,"3","male",6,"3","1",21.075,"S",-3.04808750388792
"1282",NA,"1","male",23,"0","0",93.5,"S",-4.53796143629464
"1283",NA,"1","female",51,"0","1",39.4,"S",-3.67376581630389
"1284",NA,"3","male",13,"0","2",20.25,"S",-3.00815479355255
"1285",NA,"2","male",47,"0","0",10.5,"S",-2.35137525716348
"1286",NA,"3","male",29,"3","1",22.025,"S",-3.09217817182224
"1287",NA,"1","female",18,"1","0",60,"S",-4.0943445622221
"1288",NA,"3","male",24,"0","0",7.25,"Q",-1.98100146886658
"1289",NA,"1","female",48,"1","1",79.2,"C",-4.37197629882038
"1290",NA,"3","male",22,"0","0",7.775,"S",-2.0509134580653
"1291",NA,"3","male",31,"0","0",7.7333,"Q",-2.04553567965004
"1292",NA,"1","female",30,"0","0",164.8667,"S",-5.10513726860277
"1293",NA,"2","male",38,"1","0",21,"S",-3.04452243772342
"1294",NA,"1","female",22,"0","1",59.4,"C",-4.0842942263686
"1295",NA,"1","male",17,"0","0",47.1,"S",-3.85227300102237
"1296",NA,"1","male",43,"1","0",27.7208,"C",-3.32218303393412
"1297",NA,"2","male",20,"0","0",13.8625,"C",-2.62918735267649
"1298",NA,"2","male",23,"1","0",10.5,"S",-2.35137525716348
"1299",NA,"1","male",50,"1","1",211.5,"C",-5.35422499848633
"1300",NA,"3","female",29.881137667304,"0","0",7.7208,"Q",-2.04391798561079
"1301",NA,"3","female",3,"1","1",13.775,"S",-2.62285535503898
"1302",NA,"3","female",29.881137667304,"0","0",7.75,"Q",-2.04769284336526
"1303",NA,"1","female",37,"1","0",90,"Q",-4.49980967033027
"1304",NA,"3","female",28,"0","0",7.775,"S",-2.0509134580653
"1305",NA,"3","male",29.881137667304,"0","0",8.05,"S",-2.08567209143047
"1306",NA,"1","female",39,"0","0",108.9,"C",-4.69043002993891
"1307",NA,"3","male",38.5,"0","0",7.25,"S",-1.98100146886658
"1308",NA,"3","male",29.881137667304,"0","0",8.05,"S",-2.08567209143047
"1309",NA,"3","male",29.881137667304,"1","1",22.3583,"C",-3.10719761677404
